mstime	trial_type	stim_file	subject	experiment	session	phase	trial	item	itemno	store	storeX	storeZ
0	STORE_MAPPINGS	n/a	LTP493	NiclsCourierReadOnly	0	1	0	n/a	n/a	n/a	n/a	n/a
120677	VIDEO_START	n/a	LTP493	NiclsCourierReadOnly	0	1	0	n/a	-1	n/a	n/a	n/a
246888	VIDEO_STOP	n/a	LTP493	NiclsCourierReadOnly	0	1	0	n/a	-1	n/a	n/a	n/a
354590	TL_START	n/a	LTP493	NiclsCourierReadOnly	0	1	0	n/a	n/a	n/a	n/a	n/a
694622	TL_END	n/a	LTP493	NiclsCourierReadOnly	0	1	0	n/a	n/a	n/a	n/a	n/a
777996	PRACTICE_DELIVERY_START	n/a	LTP493	NiclsCourierReadOnly	0	practice	0	n/a	n/a	n/a	n/a	n/a
790005	POINTER_ON	n/a	LTP493	NiclsCourierReadOnly	0	practice	0	n/a	n/a	n/a	n/a	n/a
808705	PRACTICE_WORD	wordpools/all_items.txt	LTP493	NiclsCourierReadOnly	0	practice	0	HAIR_SPRAY	n/a	barber_shop	58.3125	27.90625
820838	PRACTICE_WORD	wordpools/all_items.txt	LTP493	NiclsCourierReadOnly	0	practice	0	GUITAR_STRINGS	n/a	music_store	-9.1015625	17.90625
857165	PRACTICE_WORD	wordpools/all_items.txt	LTP493	NiclsCourierReadOnly	0	practice	0	CAT	n/a	pet_store	59.3125	-9.203125
869638	PRACTICE_WORD	wordpools/all_items.txt	LTP493	NiclsCourierReadOnly	0	practice	0	CONFETTI	n/a	craft_shop	-14.296875	-12.8984375
899754	PRACTICE_WORD	wordpools/all_items.txt	LTP493	NiclsCourierReadOnly	0	practice	0	COFFEE	n/a	cafe	36.6875	59.09375
913055	PRACTICE_WORD	wordpools/all_items.txt	LTP493	NiclsCourierReadOnly	0	practice	0	ORCHIDS	n/a	florist	35.40625	-33.09375
938955	PRACTICE_WORD	wordpools/all_items.txt	LTP493	NiclsCourierReadOnly	0	practice	0	DOLL	n/a	toy_store	-31.796875	55.6875
967688	PRACTICE_WORD	wordpools/all_items.txt	LTP493	NiclsCourierReadOnly	0	practice	0	PAINT	n/a	bike_shop	32.1875	-60.90625
988171	PRACTICE_WORD	wordpools/all_items.txt	LTP493	NiclsCourierReadOnly	0	practice	0	NECKLACE	n/a	jewelry_store	62.3125	-33.5
1001738	PRACTICE_WORD	wordpools/all_items.txt	LTP493	NiclsCourierReadOnly	0	practice	0	SWEATSHIRT	n/a	clothing_store	35.09375	26.703125
1026422	PRACTICE_WORD	wordpools/all_items.txt	LTP493	NiclsCourierReadOnly	0	practice	0	CAKE	n/a	bakery	-3.099609375	-58.5
1037405	PRACTICE_WORD	wordpools/all_items.txt	LTP493	NiclsCourierReadOnly	0	practice	0	BLUEBERRIES	n/a	grocery_store	-60.0	-11.5
1063505	PRACTICE_WORD	wordpools/all_items.txt	LTP493	NiclsCourierReadOnly	0	practice	0	BOXING_GLOVES	n/a	gym	14.5	-33.6875
1091971	PRACTICE_WORD	wordpools/all_items.txt	LTP493	NiclsCourierReadOnly	0	practice	0	FLOSS	n/a	dentist	-29.59375	-37.1875
1123271	PRACTICE_WORD	wordpools/all_items.txt	LTP493	NiclsCourierReadOnly	0	practice	0	NOSE_SPRAY	n/a	pharmacy	26.5	17.0
1156538	PRACTICE_DELIVERY_END	n/a	LTP493	NiclsCourierReadOnly	0	practice	0	n/a	n/a	n/a	n/a	n/a
1157538	REC_START	n/a	LTP493	NiclsCourierReadOnly	0	practice	0	n/a	n/a	n/a	n/a	n/a
1178837	EFR_MARK	n/a	LTP493	NiclsCourierReadOnly	0	practice	0	n/a	n/a	n/a	n/a	n/a
1182555	REC_STOP	n/a	LTP493	NiclsCourierReadOnly	0	practice	0	n/a	n/a	n/a	n/a	n/a
1190956	CUED_REC_CUE	n/a	LTP493	NiclsCourierReadOnly	0	practice	0	HAIR_SPRAY	n/a	barber_shop	58.3125	27.90625
1192500	CUED_REC_WORD	wordpools/all_items.txt	LTP493	NiclsCourierReadOnly	0	practice	0	COMB	52	n/a	n/a	n/a
1196971	CUED_REC_STOP	n/a	LTP493	NiclsCourierReadOnly	0	practice	0	n/a	n/a	n/a	n/a	n/a
1198938	CUED_REC_CUE	n/a	LTP493	NiclsCourierReadOnly	0	practice	0	PAINT	n/a	bike_shop	32.1875	-60.90625
1200389	CUED_REC_WORD	wordpools/all_items.txt	LTP493	NiclsCourierReadOnly	0	practice	0	DECALS	66	n/a	n/a	n/a
1204205	CUED_REC_STOP	n/a	LTP493	NiclsCourierReadOnly	0	practice	0	n/a	n/a	n/a	n/a	n/a
1206072	CUED_REC_CUE	n/a	LTP493	NiclsCourierReadOnly	0	practice	0	SWEATSHIRT	n/a	clothing_store	35.09375	26.703125
1209188	CUED_REC_STOP	n/a	LTP493	NiclsCourierReadOnly	0	practice	0	n/a	n/a	n/a	n/a	n/a
1211439	CUED_REC_CUE	n/a	LTP493	NiclsCourierReadOnly	0	practice	0	CONFETTI	n/a	craft_shop	-14.296875	-12.8984375
1213623	CUED_REC_WORD	wordpools/all_items.txt	LTP493	NiclsCourierReadOnly	0	practice	0	GLUE	93	n/a	n/a	n/a
1213971	CUED_REC_STOP	n/a	LTP493	NiclsCourierReadOnly	0	practice	0	n/a	n/a	n/a	n/a	n/a
1216089	CUED_REC_CUE	n/a	LTP493	NiclsCourierReadOnly	0	practice	0	DOLL	n/a	toy_store	-31.796875	55.6875
1218604	CUED_REC_STOP	n/a	LTP493	NiclsCourierReadOnly	0	practice	0	n/a	n/a	n/a	n/a	n/a
1220005	CUED_REC_WORD_VV	wordpools/all_items.txt	LTP493	NiclsCourierReadOnly	0	practice	0	<>	-1	n/a	n/a	n/a
1220823	CUED_REC_CUE	n/a	LTP493	NiclsCourierReadOnly	0	practice	0	BLUEBERRIES	n/a	grocery_store	-60.0	-11.5
1223654	CUED_REC_STOP	n/a	LTP493	NiclsCourierReadOnly	0	practice	0	n/a	n/a	n/a	n/a	n/a
1225588	CUED_REC_CUE	n/a	LTP493	NiclsCourierReadOnly	0	practice	0	BOXING_GLOVES	n/a	gym	14.5	-33.6875
1226823	CUED_REC_WORD_VV	wordpools/all_items.txt	LTP493	NiclsCourierReadOnly	0	practice	0	<>	-1	n/a	n/a	n/a
1228438	CUED_REC_STOP	n/a	LTP493	NiclsCourierReadOnly	0	practice	0	n/a	n/a	n/a	n/a	n/a
1230024	CUED_REC_WORD	wordpools/all_items.txt	LTP493	NiclsCourierReadOnly	0	practice	0	SLED	195	n/a	n/a	n/a
1230339	CUED_REC_CUE	n/a	LTP493	NiclsCourierReadOnly	0	practice	0	CAT	n/a	pet_store	59.3125	-9.203125
1232138	CUED_REC_WORD	wordpools/all_items.txt	LTP493	NiclsCourierReadOnly	0	practice	0	MICE	131	n/a	n/a	n/a
1232538	CUED_REC_STOP	n/a	LTP493	NiclsCourierReadOnly	0	practice	0	n/a	n/a	n/a	n/a	n/a
1234355	CUED_REC_CUE	n/a	LTP493	NiclsCourierReadOnly	0	practice	0	COFFEE	n/a	cafe	36.6875	59.09375
1237737	CUED_REC_STOP	n/a	LTP493	NiclsCourierReadOnly	0	practice	0	n/a	n/a	n/a	n/a	n/a
1239739	CUED_REC_CUE	n/a	LTP493	NiclsCourierReadOnly	0	practice	0	CAKE	n/a	bakery	-3.099609375	-58.5
1240354	CUED_REC_WORD_VV	wordpools/all_items.txt	LTP493	NiclsCourierReadOnly	0	practice	0	<>	-1	n/a	n/a	n/a
1241954	CUED_REC_STOP	n/a	LTP493	NiclsCourierReadOnly	0	practice	0	n/a	n/a	n/a	n/a	n/a
1244122	CUED_REC_CUE	n/a	LTP493	NiclsCourierReadOnly	0	practice	0	ORCHIDS	n/a	florist	35.40625	-33.09375
1245756	CUED_REC_WORD_VV	wordpools/all_items.txt	LTP493	NiclsCourierReadOnly	0	practice	0	<>	-1	n/a	n/a	n/a
1246588	CUED_REC_STOP	n/a	LTP493	NiclsCourierReadOnly	0	practice	0	n/a	n/a	n/a	n/a	n/a
1248472	CUED_REC_CUE	n/a	LTP493	NiclsCourierReadOnly	0	practice	0	GUITAR_STRINGS	n/a	music_store	-9.1015625	17.90625
1248898	CUED_REC_WORD	wordpools/all_items.txt	LTP493	NiclsCourierReadOnly	0	practice	0	DAISIES	65	n/a	n/a	n/a
1250879	CUED_REC_WORD	wordpools/all_items.txt	LTP493	NiclsCourierReadOnly	0	practice	0	AMPLIFIER	5	n/a	n/a	n/a
1252605	CUED_REC_STOP	n/a	LTP493	NiclsCourierReadOnly	0	practice	0	n/a	n/a	n/a	n/a	n/a
1254424	CUED_REC_CUE	n/a	LTP493	NiclsCourierReadOnly	0	practice	0	FLOSS	n/a	dentist	-29.59375	-37.1875
1255507	CUED_REC_WORD	wordpools/all_items.txt	LTP493	NiclsCourierReadOnly	0	practice	0	ADVIL	2	n/a	n/a	n/a
1256688	CUED_REC_STOP	n/a	LTP493	NiclsCourierReadOnly	0	practice	0	n/a	n/a	n/a	n/a	n/a
1258889	CUED_REC_CUE	n/a	LTP493	NiclsCourierReadOnly	0	practice	0	NECKLACE	n/a	jewelry_store	62.3125	-33.5
1261023	CUED_REC_WORD	wordpools/all_items.txt	LTP493	NiclsCourierReadOnly	0	practice	0	AMETHYST	4	n/a	n/a	n/a
1261338	CUED_REC_STOP	n/a	LTP493	NiclsCourierReadOnly	0	practice	0	n/a	n/a	n/a	n/a	n/a
1263489	CUED_REC_CUE	n/a	LTP493	NiclsCourierReadOnly	0	practice	0	NOSE_SPRAY	n/a	pharmacy	26.5	17.0
1266988	CUED_REC_STOP	n/a	LTP493	NiclsCourierReadOnly	0	practice	0	n/a	n/a	n/a	n/a	n/a
1269488	CUED_REC_WORD_VV	wordpools/all_items.txt	LTP493	NiclsCourierReadOnly	0	practice	0	<>	-1	n/a	n/a	n/a
1413721	PRACTICE_DELIVERY_START	n/a	LTP493	NiclsCourierReadOnly	0	practice	0	n/a	n/a	n/a	n/a	n/a
1439488	PRACTICE_WORD	wordpools/all_items.txt	LTP493	NiclsCourierReadOnly	0	practice	1	SLED	n/a	toy_store	-31.796875	55.6875
1455471	PRACTICE_WORD	wordpools/all_items.txt	LTP493	NiclsCourierReadOnly	0	practice	1	PASTRIES	n/a	cafe	36.6875	59.09375
1470322	PRACTICE_WORD	wordpools/all_items.txt	LTP493	NiclsCourierReadOnly	0	practice	1	SAXOPHONE	n/a	music_store	-9.1015625	17.90625
1496822	PRACTICE_WORD	wordpools/all_items.txt	LTP493	NiclsCourierReadOnly	0	practice	1	PIPES	n/a	hardware_store	14.6015625	-58.8125
1511738	PRACTICE_WORD	wordpools/all_items.txt	LTP493	NiclsCourierReadOnly	0	practice	1	COUGH_SYRUP	n/a	pharmacy	26.5	17.0
1540472	PRACTICE_WORD	wordpools/all_items.txt	LTP493	NiclsCourierReadOnly	0	practice	1	BRACELET	n/a	jewelry_store	62.3125	-33.5
1553005	PRACTICE_WORD	wordpools/all_items.txt	LTP493	NiclsCourierReadOnly	0	practice	1	THREAD	n/a	craft_shop	-14.296875	-12.8984375
1581105	PRACTICE_WORD	wordpools/all_items.txt	LTP493	NiclsCourierReadOnly	0	practice	1	FLUORIDE	n/a	dentist	-29.59375	-37.1875
1592788	PRACTICE_WORD	wordpools/all_items.txt	LTP493	NiclsCourierReadOnly	0	practice	1	HELMET	n/a	bike_shop	32.1875	-60.90625
1610488	PRACTICE_WORD	wordpools/all_items.txt	LTP493	NiclsCourierReadOnly	0	practice	1	MUSHROOMS	n/a	pizzeria	-39.0	-61.90625
1635638	PRACTICE_WORD	wordpools/all_items.txt	LTP493	NiclsCourierReadOnly	0	practice	1	SHORTS	n/a	clothing_store	35.09375	26.703125
1657155	PRACTICE_WORD	wordpools/all_items.txt	LTP493	NiclsCourierReadOnly	0	practice	1	BREAD	n/a	bakery	-3.099609375	-58.5
1665488	PRACTICE_WORD	wordpools/all_items.txt	LTP493	NiclsCourierReadOnly	0	practice	1	KICKBOARD	n/a	gym	14.5	-33.6875
1683371	PRACTICE_WORD	wordpools/all_items.txt	LTP493	NiclsCourierReadOnly	0	practice	1	FERNS	n/a	florist	35.40625	-33.09375
1691722	PRACTICE_WORD	wordpools/all_items.txt	LTP493	NiclsCourierReadOnly	0	practice	1	CANARY	n/a	pet_store	59.3125	-9.203125
1714838	PRACTICE_DELIVERY_END	n/a	LTP493	NiclsCourierReadOnly	0	practice	1	n/a	n/a	n/a	n/a	n/a
1725854	REC_START	n/a	LTP493	NiclsCourierReadOnly	0	practice	1	n/a	n/a	n/a	n/a	n/a
1744505	EFR_MARK	n/a	LTP493	NiclsCourierReadOnly	0	practice	1	n/a	n/a	n/a	n/a	n/a
1750871	REC_STOP	n/a	LTP493	NiclsCourierReadOnly	0	practice	1	n/a	n/a	n/a	n/a	n/a
1759155	CUED_REC_CUE	n/a	LTP493	NiclsCourierReadOnly	0	practice	1	PIPES	n/a	hardware_store	14.6015625	-58.8125
1764971	CUED_REC_STOP	n/a	LTP493	NiclsCourierReadOnly	0	practice	1	n/a	n/a	n/a	n/a	n/a
1765171	CUED_REC_WORD_VV	wordpools/all_items.txt	LTP493	NiclsCourierReadOnly	0	practice	1	<>	-1	n/a	n/a	n/a
1766876	CUED_REC_CUE	n/a	LTP493	NiclsCourierReadOnly	0	practice	1	BREAD	n/a	bakery	-3.099609375	-58.5
1770271	CUED_REC_STOP	n/a	LTP493	NiclsCourierReadOnly	0	practice	1	n/a	n/a	n/a	n/a	n/a
1772473	CUED_REC_CUE	n/a	LTP493	NiclsCourierReadOnly	0	practice	1	MUSHROOMS	n/a	pizzeria	-39.0	-61.90625
1774738	CUED_REC_STOP	n/a	LTP493	NiclsCourierReadOnly	0	practice	1	n/a	n/a	n/a	n/a	n/a
1776906	CUED_REC_CUE	n/a	LTP493	NiclsCourierReadOnly	0	practice	1	SAXOPHONE	n/a	music_store	-9.1015625	17.90625
1778472	CUED_REC_WORD_VV	wordpools/all_items.txt	LTP493	NiclsCourierReadOnly	0	practice	1	<>	-1	n/a	n/a	n/a
1780704	CUED_REC_STOP	n/a	LTP493	NiclsCourierReadOnly	0	practice	1	n/a	n/a	n/a	n/a	n/a
1781232	CUED_REC_WORD	wordpools/all_items.txt	LTP493	NiclsCourierReadOnly	0	practice	1	SAXOPHONE	183	n/a	n/a	n/a
1782756	CUED_REC_CUE	n/a	LTP493	NiclsCourierReadOnly	0	practice	1	CANARY	n/a	pet_store	59.3125	-9.203125
1783785	CUED_REC_WORD	wordpools/all_items.txt	LTP493	NiclsCourierReadOnly	0	practice	1	CHEW_TOY	45	n/a	n/a	n/a
1786254	CUED_REC_STOP	n/a	LTP493	NiclsCourierReadOnly	0	practice	1	n/a	n/a	n/a	n/a	n/a
1788089	CUED_REC_CUE	n/a	LTP493	NiclsCourierReadOnly	0	practice	1	HELMET	n/a	bike_shop	32.1875	-60.90625
1793904	CUED_REC_STOP	n/a	LTP493	NiclsCourierReadOnly	0	practice	1	n/a	n/a	n/a	n/a	n/a
1794088	CUED_REC_WORD_VV	wordpools/all_items.txt	LTP493	NiclsCourierReadOnly	0	practice	1	<>	-1	n/a	n/a	n/a
1796023	CUED_REC_CUE	n/a	LTP493	NiclsCourierReadOnly	0	practice	1	THREAD	n/a	craft_shop	-14.296875	-12.8984375
1798740	CUED_REC_WORD	wordpools/all_items.txt	LTP493	NiclsCourierReadOnly	0	practice	1	GLUE	93	n/a	n/a	n/a
1799605	CUED_REC_STOP	n/a	LTP493	NiclsCourierReadOnly	0	practice	1	n/a	n/a	n/a	n/a	n/a
1801473	CUED_REC_CUE	n/a	LTP493	NiclsCourierReadOnly	0	practice	1	FLUORIDE	n/a	dentist	-29.59375	-37.1875
1803165	CUED_REC_WORD	wordpools/all_items.txt	LTP493	NiclsCourierReadOnly	0	practice	1	COMPUTER	53	n/a	n/a	n/a
1803622	CUED_REC_STOP	n/a	LTP493	NiclsCourierReadOnly	0	practice	1	n/a	n/a	n/a	n/a	n/a
1805556	CUED_REC_CUE	n/a	LTP493	NiclsCourierReadOnly	0	practice	1	COUGH_SYRUP	n/a	pharmacy	26.5	17.0
1806840	CUED_REC_WORD	wordpools/all_items.txt	LTP493	NiclsCourierReadOnly	0	practice	1	EAR_PLUGS	75	n/a	n/a	n/a
1808938	CUED_REC_STOP	n/a	LTP493	NiclsCourierReadOnly	0	practice	1	n/a	n/a	n/a	n/a	n/a
1810922	CUED_REC_CUE	n/a	LTP493	NiclsCourierReadOnly	0	practice	1	SLED	n/a	toy_store	-31.796875	55.6875
1815188	CUED_REC_STOP	n/a	LTP493	NiclsCourierReadOnly	0	practice	1	n/a	n/a	n/a	n/a	n/a
1815804	CUED_REC_WORD	wordpools/all_items.txt	LTP493	NiclsCourierReadOnly	0	practice	1	DOLL	69	n/a	n/a	n/a
1816955	CUED_REC_CUE	n/a	LTP493	NiclsCourierReadOnly	0	practice	1	FERNS	n/a	florist	35.40625	-33.09375
1822955	CUED_REC_STOP	n/a	LTP493	NiclsCourierReadOnly	0	practice	1	n/a	n/a	n/a	n/a	n/a
1824889	CUED_REC_CUE	n/a	LTP493	NiclsCourierReadOnly	0	practice	1	SHORTS	n/a	clothing_store	35.09375	26.703125
1829955	CUED_REC_STOP	n/a	LTP493	NiclsCourierReadOnly	0	practice	1	n/a	n/a	n/a	n/a	n/a
1830888	CUED_REC_WORD_VV	wordpools/all_items.txt	LTP493	NiclsCourierReadOnly	0	practice	1	<>	-1	n/a	n/a	n/a
1832139	CUED_REC_CUE	n/a	LTP493	NiclsCourierReadOnly	0	practice	1	PASTRIES	n/a	cafe	36.6875	59.09375
1834588	CUED_REC_STOP	n/a	LTP493	NiclsCourierReadOnly	0	practice	1	n/a	n/a	n/a	n/a	n/a
1836505	CUED_REC_CUE	n/a	LTP493	NiclsCourierReadOnly	0	practice	1	BRACELET	n/a	jewelry_store	62.3125	-33.5
1838007	CUED_REC_WORD	wordpools/all_items.txt	LTP493	NiclsCourierReadOnly	0	practice	1	DIAMOND	68	n/a	n/a	n/a
1838138	CUED_REC_WORD_VV	wordpools/all_items.txt	LTP493	NiclsCourierReadOnly	0	practice	1	<>	-1	n/a	n/a	n/a
1838687	CUED_REC_STOP	n/a	LTP493	NiclsCourierReadOnly	0	practice	1	n/a	n/a	n/a	n/a	n/a
1840539	CUED_REC_CUE	n/a	LTP493	NiclsCourierReadOnly	0	practice	1	KICKBOARD	n/a	gym	14.5	-33.6875
1841663	CUED_REC_WORD	wordpools/all_items.txt	LTP493	NiclsCourierReadOnly	0	practice	1	FLOOR_MAT	85	n/a	n/a	n/a
1843238	CUED_REC_STOP	n/a	LTP493	NiclsCourierReadOnly	0	practice	1	n/a	n/a	n/a	n/a	n/a
1878074	TRIAL_START	n/a	LTP493	NiclsCourierReadOnly	0	1	0	n/a	n/a	n/a	n/a	n/a
1909271	WORD	wordpools/all_items.txt	LTP493	NiclsCourierReadOnly	0	1	0	BAGELS	n/a	bakery	-3.099609375	-58.5
1918805	WORD	wordpools/all_items.txt	LTP493	NiclsCourierReadOnly	0	1	0	DECALS	n/a	bike_shop	32.1875	-60.90625
1932421	POINTER_ON	n/a	LTP493	NiclsCourierReadOnly	0	1	0	n/a	n/a	n/a	n/a	n/a
1941455	WORD	wordpools/all_items.txt	LTP493	NiclsCourierReadOnly	0	1	0	ADVIL	n/a	dentist	-29.59375	-37.1875
1955071	POINTER_ON	n/a	LTP493	NiclsCourierReadOnly	0	1	0	n/a	n/a	n/a	n/a	n/a
1966822	WORD	wordpools/all_items.txt	LTP493	NiclsCourierReadOnly	0	1	0	GLUE	n/a	craft_shop	-14.296875	-12.8984375
1980454	POINTER_ON	n/a	LTP493	NiclsCourierReadOnly	0	1	0	n/a	n/a	n/a	n/a	n/a
2001954	WORD	wordpools/all_items.txt	LTP493	NiclsCourierReadOnly	0	1	0	GRAPES	n/a	grocery_store	-60.0	-11.5
2015588	POINTER_ON	n/a	LTP493	NiclsCourierReadOnly	0	1	0	n/a	n/a	n/a	n/a	n/a
2022388	WORD	wordpools/all_items.txt	LTP493	NiclsCourierReadOnly	0	1	0	VITAMINS	n/a	pharmacy	26.5	17.0
2036155	WORD	wordpools/all_items.txt	LTP493	NiclsCourierReadOnly	0	1	0	MILK	n/a	cafe	36.6875	59.09375
2049771	POINTER_ON	n/a	LTP493	NiclsCourierReadOnly	0	1	0	n/a	n/a	n/a	n/a	n/a
2072204	WORD	wordpools/all_items.txt	LTP493	NiclsCourierReadOnly	0	1	0	DAISIES	n/a	florist	35.40625	-33.09375
2085821	POINTER_ON	n/a	LTP493	NiclsCourierReadOnly	0	1	0	n/a	n/a	n/a	n/a	n/a
2091938	WORD	wordpools/all_items.txt	LTP493	NiclsCourierReadOnly	0	1	0	WRENCH	n/a	hardware_store	14.6015625	-58.8125
2105705	WORD	wordpools/all_items.txt	LTP493	NiclsCourierReadOnly	0	1	0	MICE	n/a	pet_store	59.3125	-9.203125
2119338	POINTER_ON	n/a	LTP493	NiclsCourierReadOnly	0	1	0	n/a	n/a	n/a	n/a	n/a
2137904	WORD	wordpools/all_items.txt	LTP493	NiclsCourierReadOnly	0	1	0	ACTION_FIGURES	n/a	toy_store	-31.796875	55.6875
2151521	POINTER_ON	n/a	LTP493	NiclsCourierReadOnly	0	1	0	n/a	n/a	n/a	n/a	n/a
2154554	WORD	wordpools/all_items.txt	LTP493	NiclsCourierReadOnly	0	1	0	PROTEIN_SHAKES	n/a	gym	14.5	-33.6875
2168171	POINTER_ON	n/a	LTP493	NiclsCourierReadOnly	0	1	0	n/a	n/a	n/a	n/a	n/a
2190638	WORD	wordpools/all_items.txt	LTP493	NiclsCourierReadOnly	0	1	0	COMB	n/a	barber_shop	58.3125	27.90625
2202554	WORD	wordpools/all_items.txt	LTP493	NiclsCourierReadOnly	0	1	0	AMPLIFIER	n/a	music_store	-9.1015625	17.90625
2216171	POINTER_ON	n/a	LTP493	NiclsCourierReadOnly	0	1	0	n/a	n/a	n/a	n/a	n/a
2236921	WORD	wordpools/all_items.txt	LTP493	NiclsCourierReadOnly	0	1	0	AMETHYST	n/a	jewelry_store	62.3125	-33.5
2260522	TRIAL_END	n/a	LTP493	NiclsCourierReadOnly	0	1	0	n/a	n/a	n/a	n/a	n/a
2271522	REC_START	n/a	LTP493	NiclsCourierReadOnly	0	1	0	n/a	n/a	n/a	n/a	n/a
2274675	REC_WORD	wordpools/all_items.txt	LTP493	NiclsCourierReadOnly	0	1	0	AMETHYST	4	jewelry_store	62.3125	-33.5
2275840	REC_WORD	wordpools/all_items.txt	LTP493	NiclsCourierReadOnly	0	1	0	DAISIES	65	florist	35.40625	-33.09375
2277524	REC_WORD	wordpools/all_items.txt	LTP493	NiclsCourierReadOnly	0	1	0	DECALS	66	bike_shop	32.1875	-60.90625
2278955	REC_WORD	wordpools/all_items.txt	LTP493	NiclsCourierReadOnly	0	1	0	ADVIL	2	dentist	-29.59375	-37.1875
2280496	REC_WORD	wordpools/all_items.txt	LTP493	NiclsCourierReadOnly	0	1	0	MILK	132	cafe	36.6875	59.09375
2282017	REC_WORD	wordpools/all_items.txt	LTP493	NiclsCourierReadOnly	0	1	0	AMPLIFIER	5	music_store	-9.1015625	17.90625
2285399	REC_WORD	wordpools/all_items.txt	LTP493	NiclsCourierReadOnly	0	1	0	ADVIL	2	dentist	-29.59375	-37.1875
2291821	REC_WORD	wordpools/all_items.txt	LTP493	NiclsCourierReadOnly	0	1	0	MICE	131	pet_store	59.3125	-9.203125
2330438	EFR_MARK	n/a	LTP493	NiclsCourierReadOnly	0	1	0	n/a	n/a	n/a	n/a	n/a
2344282	REC_WORD	wordpools/all_items.txt	LTP493	NiclsCourierReadOnly	0	1	0	COMB	52	barber_shop	58.3125	27.90625
2361538	REC_STOP	n/a	LTP493	NiclsCourierReadOnly	0	1	0	n/a	n/a	n/a	n/a	n/a
2370322	CUED_REC_CUE	n/a	LTP493	NiclsCourierReadOnly	0	1	0	COMB	n/a	barber_shop	58.3125	27.90625
2371866	CUED_REC_WORD	wordpools/all_items.txt	LTP493	NiclsCourierReadOnly	0	1	0	COMB	52	n/a	n/a	n/a
2373971	CUED_REC_STOP	n/a	LTP493	NiclsCourierReadOnly	0	1	0	n/a	n/a	n/a	n/a	n/a
2375905	CUED_REC_CUE	n/a	LTP493	NiclsCourierReadOnly	0	1	0	ACTION_FIGURES	n/a	toy_store	-31.796875	55.6875
2379821	CUED_REC_WORD_VV	wordpools/all_items.txt	LTP493	NiclsCourierReadOnly	0	1	0	<>	-1	n/a	n/a	n/a
2379822	CUED_REC_STOP	n/a	LTP493	NiclsCourierReadOnly	0	1	0	n/a	n/a	n/a	n/a	n/a
2381974	CUED_REC_CUE	n/a	LTP493	NiclsCourierReadOnly	0	1	0	PROTEIN_SHAKES	n/a	gym	14.5	-33.6875
2386410	CUED_REC_WORD	wordpools/all_items.txt	LTP493	NiclsCourierReadOnly	0	1	0	SLED	195	n/a	n/a	n/a
2387922	CUED_REC_STOP	n/a	LTP493	NiclsCourierReadOnly	0	1	0	n/a	n/a	n/a	n/a	n/a
2389989	CUED_REC_CUE	n/a	LTP493	NiclsCourierReadOnly	0	1	0	GLUE	n/a	craft_shop	-14.296875	-12.8984375
2392173	CUED_REC_WORD	wordpools/all_items.txt	LTP493	NiclsCourierReadOnly	0	1	0	GLUE	93	n/a	n/a	n/a
2392888	CUED_REC_STOP	n/a	LTP493	NiclsCourierReadOnly	0	1	0	n/a	n/a	n/a	n/a	n/a
2394922	CUED_REC_CUE	n/a	LTP493	NiclsCourierReadOnly	0	1	0	WRENCH	n/a	hardware_store	14.6015625	-58.8125
2400921	CUED_REC_WORD_VV	wordpools/all_items.txt	LTP493	NiclsCourierReadOnly	0	1	0	<>	-1	n/a	n/a	n/a
2400921	CUED_REC_STOP	n/a	LTP493	NiclsCourierReadOnly	0	1	0	n/a	n/a	n/a	n/a	n/a
2402922	CUED_REC_CUE	n/a	LTP493	NiclsCourierReadOnly	0	1	0	DAISIES	n/a	florist	35.40625	-33.09375
2407698	CUED_REC_WORD	wordpools/all_items.txt	LTP493	NiclsCourierReadOnly	0	1	0	DAISIES	65	n/a	n/a	n/a
2408854	CUED_REC_STOP	n/a	LTP493	NiclsCourierReadOnly	0	1	0	n/a	n/a	n/a	n/a	n/a
2410955	CUED_REC_CUE	n/a	LTP493	NiclsCourierReadOnly	0	1	0	AMETHYST	n/a	jewelry_store	62.3125	-33.5
2413089	CUED_REC_WORD	wordpools/all_items.txt	LTP493	NiclsCourierReadOnly	0	1	0	AMETHYST	4	n/a	n/a	n/a
2414421	CUED_REC_STOP	n/a	LTP493	NiclsCourierReadOnly	0	1	0	n/a	n/a	n/a	n/a	n/a
2416389	CUED_REC_CUE	n/a	LTP493	NiclsCourierReadOnly	0	1	0	VITAMINS	n/a	pharmacy	26.5	17.0
2422388	CUED_REC_WORD_VV	wordpools/all_items.txt	LTP493	NiclsCourierReadOnly	0	1	0	<>	-1	n/a	n/a	n/a
2422388	CUED_REC_STOP	n/a	LTP493	NiclsCourierReadOnly	0	1	0	n/a	n/a	n/a	n/a	n/a
2424155	CUED_REC_CUE	n/a	LTP493	NiclsCourierReadOnly	0	1	0	GRAPES	n/a	grocery_store	-60.0	-11.5
2430155	CUED_REC_WORD_VV	wordpools/all_items.txt	LTP493	NiclsCourierReadOnly	0	1	0	<>	-1	n/a	n/a	n/a
2430155	CUED_REC_STOP	n/a	LTP493	NiclsCourierReadOnly	0	1	0	n/a	n/a	n/a	n/a	n/a
2432156	CUED_REC_CUE	n/a	LTP493	NiclsCourierReadOnly	0	1	0	DECALS	n/a	bike_shop	32.1875	-60.90625
2433607	CUED_REC_WORD	wordpools/all_items.txt	LTP493	NiclsCourierReadOnly	0	1	0	DECALS	66	n/a	n/a	n/a
2434922	CUED_REC_STOP	n/a	LTP493	NiclsCourierReadOnly	0	1	0	n/a	n/a	n/a	n/a	n/a
2436823	CUED_REC_CUE	n/a	LTP493	NiclsCourierReadOnly	0	1	0	MICE	n/a	pet_store	59.3125	-9.203125
2438622	CUED_REC_WORD	wordpools/all_items.txt	LTP493	NiclsCourierReadOnly	0	1	0	MICE	131	n/a	n/a	n/a
2439838	CUED_REC_STOP	n/a	LTP493	NiclsCourierReadOnly	0	1	0	n/a	n/a	n/a	n/a	n/a
2442039	CUED_REC_CUE	n/a	LTP493	NiclsCourierReadOnly	0	1	0	MILK	n/a	cafe	36.6875	59.09375
2448038	CUED_REC_WORD_VV	wordpools/all_items.txt	LTP493	NiclsCourierReadOnly	0	1	0	<>	-1	n/a	n/a	n/a
2448038	CUED_REC_STOP	n/a	LTP493	NiclsCourierReadOnly	0	1	0	n/a	n/a	n/a	n/a	n/a
2450235	CUED_REC_CUE	n/a	LTP493	NiclsCourierReadOnly	0	1	0	ADVIL	n/a	dentist	-29.59375	-37.1875
2451318	CUED_REC_WORD	wordpools/all_items.txt	LTP493	NiclsCourierReadOnly	0	1	0	ADVIL	2	n/a	n/a	n/a
2452988	CUED_REC_STOP	n/a	LTP493	NiclsCourierReadOnly	0	1	0	n/a	n/a	n/a	n/a	n/a
2455022	CUED_REC_CUE	n/a	LTP493	NiclsCourierReadOnly	0	1	0	AMPLIFIER	n/a	music_store	-9.1015625	17.90625
2457429	CUED_REC_WORD	wordpools/all_items.txt	LTP493	NiclsCourierReadOnly	0	1	0	AMPLIFIER	5	n/a	n/a	n/a
2458922	CUED_REC_STOP	n/a	LTP493	NiclsCourierReadOnly	0	1	0	n/a	n/a	n/a	n/a	n/a
2460789	CUED_REC_CUE	n/a	LTP493	NiclsCourierReadOnly	0	1	0	BAGELS	n/a	bakery	-3.099609375	-58.5
2466805	CUED_REC_STOP	n/a	LTP493	NiclsCourierReadOnly	0	1	0	n/a	n/a	n/a	n/a	n/a
2466806	CUED_REC_WORD_VV	wordpools/all_items.txt	LTP493	NiclsCourierReadOnly	0	1	0	<>	-1	n/a	n/a	n/a
2469721	TRIAL_START	n/a	LTP493	NiclsCourierReadOnly	0	1	1	n/a	n/a	n/a	n/a	n/a
2481738	POINTER_ON	n/a	LTP493	NiclsCourierReadOnly	0	1	1	n/a	n/a	n/a	n/a	n/a
2493555	WORD	wordpools/all_items.txt	LTP493	NiclsCourierReadOnly	0	1	1	COMPUTER	n/a	dentist	-29.59375	-37.1875
2507188	POINTER_ON	n/a	LTP493	NiclsCourierReadOnly	0	1	1	n/a	n/a	n/a	n/a	n/a
2526571	WORD	wordpools/all_items.txt	LTP493	NiclsCourierReadOnly	0	1	1	DIAMOND	n/a	jewelry_store	62.3125	-33.5
2540205	POINTER_ON	n/a	LTP493	NiclsCourierReadOnly	0	1	1	n/a	n/a	n/a	n/a	n/a
2548504	WORD	wordpools/all_items.txt	LTP493	NiclsCourierReadOnly	0	1	1	EAR_PLUGS	n/a	pharmacy	26.5	17.0
2562122	POINTER_ON	n/a	LTP493	NiclsCourierReadOnly	0	1	1	n/a	n/a	n/a	n/a	n/a
2566138	WORD	wordpools/all_items.txt	LTP493	NiclsCourierReadOnly	0	1	1	FLOOR_MAT	n/a	gym	14.5	-33.6875
2579754	POINTER_ON	n/a	LTP493	NiclsCourierReadOnly	0	1	1	n/a	n/a	n/a	n/a	n/a
2584604	WORD	wordpools/all_items.txt	LTP493	NiclsCourierReadOnly	0	1	1	EGGS	n/a	grocery_store	-60.0	-11.5
2598221	POINTER_ON	n/a	LTP493	NiclsCourierReadOnly	0	1	1	n/a	n/a	n/a	n/a	n/a
2620388	WORD	wordpools/all_items.txt	LTP493	NiclsCourierReadOnly	0	1	1	OREGANO	n/a	pizzeria	-39.0	-61.90625
2634021	POINTER_ON	n/a	LTP493	NiclsCourierReadOnly	0	1	1	n/a	n/a	n/a	n/a	n/a
2637571	WORD	wordpools/all_items.txt	LTP493	NiclsCourierReadOnly	0	1	1	FLUTE	n/a	music_store	-9.1015625	17.90625
2651205	POINTER_ON	n/a	LTP493	NiclsCourierReadOnly	0	1	1	n/a	n/a	n/a	n/a	n/a
2669871	WORD	wordpools/all_items.txt	LTP493	NiclsCourierReadOnly	0	1	1	TAPE_MEASURE	n/a	hardware_store	14.6015625	-58.8125
2683504	POINTER_ON	n/a	LTP493	NiclsCourierReadOnly	0	1	1	n/a	n/a	n/a	n/a	n/a
2690254	WORD	wordpools/all_items.txt	LTP493	NiclsCourierReadOnly	0	1	1	SHAMPOO	n/a	barber_shop	58.3125	27.90625
2703788	WORD	wordpools/all_items.txt	LTP493	NiclsCourierReadOnly	0	1	1	CHEW_TOY	n/a	pet_store	59.3125	-9.203125
2716288	WORD	wordpools/all_items.txt	LTP493	NiclsCourierReadOnly	0	1	1	YARN	n/a	craft_shop	-14.296875	-12.8984375
2729905	POINTER_ON	n/a	LTP493	NiclsCourierReadOnly	0	1	1	n/a	n/a	n/a	n/a	n/a
2750738	WORD	wordpools/all_items.txt	LTP493	NiclsCourierReadOnly	0	1	1	CHECKERS	n/a	toy_store	-31.796875	55.6875
2764371	POINTER_ON	n/a	LTP493	NiclsCourierReadOnly	0	1	1	n/a	n/a	n/a	n/a	n/a
2790004	WORD	wordpools/all_items.txt	LTP493	NiclsCourierReadOnly	0	1	1	SYRUP	n/a	cafe	36.6875	59.09375
2803622	POINTER_ON	n/a	LTP493	NiclsCourierReadOnly	0	1	1	n/a	n/a	n/a	n/a	n/a
2815538	WORD	wordpools/all_items.txt	LTP493	NiclsCourierReadOnly	0	1	1	BACK_PACK	n/a	bike_shop	32.1875	-60.90625
2828755	WORD	wordpools/all_items.txt	LTP493	NiclsCourierReadOnly	0	1	1	SUIT	n/a	clothing_store	35.09375	26.703125
2853955	TRIAL_END	n/a	LTP493	NiclsCourierReadOnly	0	1	1	n/a	n/a	n/a	n/a	n/a
2864955	REC_START	n/a	LTP493	NiclsCourierReadOnly	0	1	1	n/a	n/a	n/a	n/a	n/a
2866286	REC_WORD	wordpools/all_items.txt	LTP493	NiclsCourierReadOnly	0	1	1	COMPUTER	53	dentist	-29.59375	-37.1875
2867525	REC_WORD	wordpools/all_items.txt	LTP493	NiclsCourierReadOnly	0	1	1	CHEW_TOY	45	pet_store	59.3125	-9.203125
2868998	REC_WORD	wordpools/all_items.txt	LTP493	NiclsCourierReadOnly	0	1	1	SYRUP	212	cafe	36.6875	59.09375
2871939	REC_WORD	wordpools/all_items.txt	LTP493	NiclsCourierReadOnly	0	1	1	EAR_PLUGS	75	pharmacy	26.5	17.0
2873158	REC_WORD	wordpools/all_items.txt	LTP493	NiclsCourierReadOnly	0	1	1	FLOOR_MAT	85	gym	14.5	-33.6875
2876156	REC_WORD	wordpools/all_items.txt	LTP493	NiclsCourierReadOnly	0	1	1	DIAMOND	68	jewelry_store	62.3125	-33.5
2917558	REC_WORD	wordpools/all_items.txt	LTP493	NiclsCourierReadOnly	0	1	1	EGGS	77	grocery_store	-60.0	-11.5
2919739	REC_WORD	wordpools/all_items.txt	LTP493	NiclsCourierReadOnly	0	1	1	OREGANO	149	pizzeria	-39.0	-61.90625
2927342	REC_WORD	wordpools/all_items.txt	LTP493	NiclsCourierReadOnly	0	1	1	DECALS	66	bike_shop	32.1875	-60.90625
2928772	EFR_MARK	n/a	LTP493	NiclsCourierReadOnly	0	1	1	n/a	n/a	n/a	n/a	n/a
2946233	REC_WORD	wordpools/all_items.txt	LTP493	NiclsCourierReadOnly	0	1	1	SHAMPOO	191	barber_shop	58.3125	27.90625
2954972	REC_STOP	n/a	LTP493	NiclsCourierReadOnly	0	1	1	n/a	n/a	n/a	n/a	n/a
2963572	CUED_REC_CUE	n/a	LTP493	NiclsCourierReadOnly	0	1	1	OREGANO	n/a	pizzeria	-39.0	-61.90625
2969571	CUED_REC_WORD_VV	wordpools/all_items.txt	LTP493	NiclsCourierReadOnly	0	1	1	<>	-1	n/a	n/a	n/a
2969571	CUED_REC_STOP	n/a	LTP493	NiclsCourierReadOnly	0	1	1	n/a	n/a	n/a	n/a	n/a
2971638	CUED_REC_CUE	n/a	LTP493	NiclsCourierReadOnly	0	1	1	SYRUP	n/a	cafe	36.6875	59.09375
2977637	CUED_REC_WORD_VV	wordpools/all_items.txt	LTP493	NiclsCourierReadOnly	0	1	1	<>	-1	n/a	n/a	n/a
2977638	CUED_REC_STOP	n/a	LTP493	NiclsCourierReadOnly	0	1	1	n/a	n/a	n/a	n/a	n/a
2979522	CUED_REC_CUE	n/a	LTP493	NiclsCourierReadOnly	0	1	1	BACK_PACK	n/a	bike_shop	32.1875	-60.90625
2985521	CUED_REC_WORD_VV	wordpools/all_items.txt	LTP493	NiclsCourierReadOnly	0	1	1	<>	-1	n/a	n/a	n/a
2985521	CUED_REC_STOP	n/a	LTP493	NiclsCourierReadOnly	0	1	1	n/a	n/a	n/a	n/a	n/a
2987722	CUED_REC_CUE	n/a	LTP493	NiclsCourierReadOnly	0	1	1	EAR_PLUGS	n/a	pharmacy	26.5	17.0
2989006	CUED_REC_WORD	wordpools/all_items.txt	LTP493	NiclsCourierReadOnly	0	1	1	EAR_PLUGS	75	n/a	n/a	n/a
2990321	CUED_REC_STOP	n/a	LTP493	NiclsCourierReadOnly	0	1	1	n/a	n/a	n/a	n/a	n/a
2992089	CUED_REC_CUE	n/a	LTP493	NiclsCourierReadOnly	0	1	1	YARN	n/a	craft_shop	-14.296875	-12.8984375
2994806	CUED_REC_WORD	wordpools/all_items.txt	LTP493	NiclsCourierReadOnly	0	1	1	GLUE	93	n/a	n/a	n/a
2996038	CUED_REC_STOP	n/a	LTP493	NiclsCourierReadOnly	0	1	1	n/a	n/a	n/a	n/a	n/a
2998173	CUED_REC_CUE	n/a	LTP493	NiclsCourierReadOnly	0	1	1	FLUTE	n/a	music_store	-9.1015625	17.90625
3002499	CUED_REC_WORD	wordpools/all_items.txt	LTP493	NiclsCourierReadOnly	0	1	1	SAXOPHONE	183	n/a	n/a	n/a
3003721	CUED_REC_STOP	n/a	LTP493	NiclsCourierReadOnly	0	1	1	n/a	n/a	n/a	n/a	n/a
3005855	CUED_REC_CUE	n/a	LTP493	NiclsCourierReadOnly	0	1	1	SHAMPOO	n/a	barber_shop	58.3125	27.90625
3006902	CUED_REC_WORD	wordpools/all_items.txt	LTP493	NiclsCourierReadOnly	0	1	1	SHAMPOO	191	n/a	n/a	n/a
3007937	CUED_REC_STOP	n/a	LTP493	NiclsCourierReadOnly	0	1	1	n/a	n/a	n/a	n/a	n/a
3010139	CUED_REC_CUE	n/a	LTP493	NiclsCourierReadOnly	0	1	1	DIAMOND	n/a	jewelry_store	62.3125	-33.5
3011641	CUED_REC_WORD	wordpools/all_items.txt	LTP493	NiclsCourierReadOnly	0	1	1	DIAMOND	68	n/a	n/a	n/a
3012738	CUED_REC_STOP	n/a	LTP493	NiclsCourierReadOnly	0	1	1	n/a	n/a	n/a	n/a	n/a
3014672	CUED_REC_CUE	n/a	LTP493	NiclsCourierReadOnly	0	1	1	FLOOR_MAT	n/a	gym	14.5	-33.6875
3015796	CUED_REC_WORD	wordpools/all_items.txt	LTP493	NiclsCourierReadOnly	0	1	1	FLOOR_MAT	85	n/a	n/a	n/a
3016954	CUED_REC_STOP	n/a	LTP493	NiclsCourierReadOnly	0	1	1	n/a	n/a	n/a	n/a	n/a
3019188	CUED_REC_CUE	n/a	LTP493	NiclsCourierReadOnly	0	1	1	CHECKERS	n/a	toy_store	-31.796875	55.6875
3024070	CUED_REC_WORD	wordpools/all_items.txt	LTP493	NiclsCourierReadOnly	0	1	1	DOLL	69	n/a	n/a	n/a
3024705	CUED_REC_STOP	n/a	LTP493	NiclsCourierReadOnly	0	1	1	n/a	n/a	n/a	n/a	n/a
3026725	CUED_REC_CUE	n/a	LTP493	NiclsCourierReadOnly	0	1	1	CHEW_TOY	n/a	pet_store	59.3125	-9.203125
3027754	CUED_REC_WORD	wordpools/all_items.txt	LTP493	NiclsCourierReadOnly	0	1	1	CHEW_TOY	45	n/a	n/a	n/a
3029071	CUED_REC_STOP	n/a	LTP493	NiclsCourierReadOnly	0	1	1	n/a	n/a	n/a	n/a	n/a
3031256	CUED_REC_CUE	n/a	LTP493	NiclsCourierReadOnly	0	1	1	EGGS	n/a	grocery_store	-60.0	-11.5
3032535	CUED_REC_WORD	wordpools/all_items.txt	LTP493	NiclsCourierReadOnly	0	1	1	EGGS	77	n/a	n/a	n/a
3033355	CUED_REC_STOP	n/a	LTP493	NiclsCourierReadOnly	0	1	1	n/a	n/a	n/a	n/a	n/a
3035257	CUED_REC_CUE	n/a	LTP493	NiclsCourierReadOnly	0	1	1	COMPUTER	n/a	dentist	-29.59375	-37.1875
3036949	CUED_REC_WORD	wordpools/all_items.txt	LTP493	NiclsCourierReadOnly	0	1	1	COMPUTER	53	n/a	n/a	n/a
3037738	CUED_REC_STOP	n/a	LTP493	NiclsCourierReadOnly	0	1	1	n/a	n/a	n/a	n/a	n/a
3039622	CUED_REC_CUE	n/a	LTP493	NiclsCourierReadOnly	0	1	1	SUIT	n/a	clothing_store	35.09375	26.703125
3045621	CUED_REC_STOP	n/a	LTP493	NiclsCourierReadOnly	0	1	1	n/a	n/a	n/a	n/a	n/a
3045621	CUED_REC_WORD_VV	wordpools/all_items.txt	LTP493	NiclsCourierReadOnly	0	1	1	<>	-1	n/a	n/a	n/a
3047723	CUED_REC_CUE	n/a	LTP493	NiclsCourierReadOnly	0	1	1	TAPE_MEASURE	n/a	hardware_store	14.6015625	-58.8125
3053738	CUED_REC_STOP	n/a	LTP493	NiclsCourierReadOnly	0	1	1	n/a	n/a	n/a	n/a	n/a
3053739	CUED_REC_WORD_VV	wordpools/all_items.txt	LTP493	NiclsCourierReadOnly	0	1	1	<>	-1	n/a	n/a	n/a
3062051	FFR_START	n/a	LTP493	NiclsCourierReadOnly	0	1	1	n/a	n/a	n/a	n/a	n/a
3062789	FFR_REC_WORD	wordpools/all_items.txt	LTP493	NiclsCourierReadOnly	0	1	n/a	HAIR_STRAIGHTENER	101	n/a	n/a	n/a
3063744	FFR_REC_WORD	wordpools/all_items.txt	LTP493	NiclsCourierReadOnly	0	1	n/a	EGGS	77	grocery_store	-60.0	-11.5
3064458	FFR_REC_WORD	wordpools/all_items.txt	LTP493	NiclsCourierReadOnly	0	1	n/a	OREGANO	149	pizzeria	-39.0	-61.90625
3065763	FFR_REC_WORD	wordpools/all_items.txt	LTP493	NiclsCourierReadOnly	0	1	n/a	CURLING_IRON	63	n/a	n/a	n/a
3065968	FFR_REC_WORD	wordpools/all_items.txt	LTP493	NiclsCourierReadOnly	0	1	n/a	SHORTS	193	n/a	n/a	n/a
3066798	FFR_REC_WORD	wordpools/all_items.txt	LTP493	NiclsCourierReadOnly	0	1	n/a	BLOW_DRYER	22	n/a	n/a	n/a
3066986	FFR_REC_WORD	wordpools/all_items.txt	LTP493	NiclsCourierReadOnly	0	1	n/a	SWEATSHIRT	209	n/a	n/a	n/a
3070167	FFR_REC_WORD	wordpools/all_items.txt	LTP493	NiclsCourierReadOnly	0	1	n/a	ROSES	179	n/a	n/a	n/a
3071456	FFR_REC_WORD	wordpools/all_items.txt	LTP493	NiclsCourierReadOnly	0	1	n/a	DAFFODILS	64	n/a	n/a	n/a
3073896	FFR_REC_WORD	wordpools/all_items.txt	LTP493	NiclsCourierReadOnly	0	1	n/a	POTS	163	n/a	n/a	n/a
3074566	FFR_REC_WORD	wordpools/all_items.txt	LTP493	NiclsCourierReadOnly	0	1	n/a	FERTILIZER	83	n/a	n/a	n/a
3076186	FFR_REC_WORD	wordpools/all_items.txt	LTP493	NiclsCourierReadOnly	0	1	n/a	MUSHROOMS	137	n/a	n/a	n/a
3077716	FFR_REC_WORD	wordpools/all_items.txt	LTP493	NiclsCourierReadOnly	0	1	n/a	FLOOR_MAT	85	gym	14.5	-33.6875
3078029	FFR_REC_WORD	wordpools/all_items.txt	LTP493	NiclsCourierReadOnly	0	1	n/a	PLATINUM	161	n/a	n/a	n/a
3078756	FFR_REC_WORD	wordpools/all_items.txt	LTP493	NiclsCourierReadOnly	0	1	n/a	GOLD	94	n/a	n/a	n/a
3079556	FFR_REC_WORD	wordpools/all_items.txt	LTP493	NiclsCourierReadOnly	0	1	n/a	EARRINGS	76	n/a	n/a	n/a
3080435	FFR_REC_WORD	wordpools/all_items.txt	LTP493	NiclsCourierReadOnly	0	1	n/a	RINGS	176	n/a	n/a	n/a
3083821	FFR_REC_WORD	wordpools/all_items.txt	LTP493	NiclsCourierReadOnly	0	1	n/a	WRENCH	234	hardware_store	14.6015625	-58.8125
3083941	FFR_REC_WORD	wordpools/all_items.txt	LTP493	NiclsCourierReadOnly	0	1	n/a	COMB	52	barber_shop	58.3125	27.90625
3087543	FFR_REC_WORD	wordpools/all_items.txt	LTP493	NiclsCourierReadOnly	0	1	n/a	DIAMOND	68	jewelry_store	62.3125	-33.5
3088334	FFR_REC_WORD	wordpools/all_items.txt	LTP493	NiclsCourierReadOnly	0	1	n/a	AMETHYST	4	jewelry_store	62.3125	-33.5
3089309	FFR_REC_WORD	wordpools/all_items.txt	LTP493	NiclsCourierReadOnly	0	1	n/a	BRACELET	28	n/a	n/a	n/a
3090190	FFR_REC_WORD	wordpools/all_items.txt	LTP493	NiclsCourierReadOnly	0	1	n/a	NECKLACE	141	n/a	n/a	n/a
3091270	FFR_REC_WORD	wordpools/all_items.txt	LTP493	NiclsCourierReadOnly	0	1	n/a	CHAIN	42	n/a	n/a	n/a
3091928	FFR_REC_WORD	wordpools/all_items.txt	LTP493	NiclsCourierReadOnly	0	1	n/a	LUMBER	127	n/a	n/a	n/a
3094093	FFR_REC_WORD	wordpools/all_items.txt	LTP493	NiclsCourierReadOnly	0	1	n/a	DRILL	72	n/a	n/a	n/a
3094913	FFR_REC_WORD	wordpools/all_items.txt	LTP493	NiclsCourierReadOnly	0	1	n/a	NAILS	139	n/a	n/a	n/a
3095116	FFR_REC_WORD	wordpools/all_items.txt	LTP493	NiclsCourierReadOnly	0	1	n/a	MICE	131	pet_store	59.3125	-9.203125
3096193	FFR_REC_WORD	wordpools/all_items.txt	LTP493	NiclsCourierReadOnly	0	1	n/a	CAT	39	n/a	n/a	n/a
3097247	FFR_REC_WORD	wordpools/all_items.txt	LTP493	NiclsCourierReadOnly	0	1	n/a	PURSE	168	n/a	n/a	n/a
3097270	FFR_REC_WORD	wordpools/all_items.txt	LTP493	NiclsCourierReadOnly	0	1	n/a	CHEW_TOY	45	pet_store	59.3125	-9.203125
3098048	FFR_REC_WORD	wordpools/all_items.txt	LTP493	NiclsCourierReadOnly	0	1	n/a	JACKET	114	n/a	n/a	n/a
3103444	FFR_REC_WORD	wordpools/all_items.txt	LTP493	NiclsCourierReadOnly	0	1	n/a	WATER_GUN	232	n/a	n/a	n/a
3108755	FFR_REC_WORD	wordpools/all_items.txt	LTP493	NiclsCourierReadOnly	0	1	n/a	NAPKINS	140	n/a	n/a	n/a
3109201	FFR_REC_WORD	wordpools/all_items.txt	LTP493	NiclsCourierReadOnly	0	1	n/a	FLOOR_MAT	85	gym	14.5	-33.6875
3110201	FFR_REC_WORD	wordpools/all_items.txt	LTP493	NiclsCourierReadOnly	0	1	n/a	FLOOR_MAT	85	gym	14.5	-33.6875
3110688	EFR_MARK	n/a	LTP493	NiclsCourierReadOnly	0	1	1	n/a	n/a	n/a	n/a	n/a
3110964	FFR_REC_WORD	wordpools/all_items.txt	LTP493	NiclsCourierReadOnly	0	1	n/a	STRAWS	203	n/a	n/a	n/a
3112374	FFR_REC_WORD	wordpools/all_items.txt	LTP493	NiclsCourierReadOnly	0	1	n/a	FLOUR	87	n/a	n/a	n/a
3112523	FFR_REC_WORD	wordpools/all_items.txt	LTP493	NiclsCourierReadOnly	0	1	n/a	BOXING_GLOVES	27	n/a	n/a	n/a
3113523	FFR_REC_WORD	wordpools/all_items.txt	LTP493	NiclsCourierReadOnly	0	1	n/a	BOXING_GLOVES	27	n/a	n/a	n/a
3115537	FFR_REC_WORD	wordpools/all_items.txt	LTP493	NiclsCourierReadOnly	0	1	n/a	TOMATO_SAUCE	219	n/a	n/a	n/a
3116817	FFR_REC_WORD	wordpools/all_items.txt	LTP493	NiclsCourierReadOnly	0	1	n/a	SPATULA	199	n/a	n/a	n/a
3117678	FFR_REC_WORD	wordpools/all_items.txt	LTP493	NiclsCourierReadOnly	0	1	n/a	PASTRIES	153	n/a	n/a	n/a
3120830	FFR_REC_WORD	wordpools/all_items.txt	LTP493	NiclsCourierReadOnly	0	1	n/a	SCONES	187	n/a	n/a	n/a
3122743	FFR_REC_WORD	wordpools/all_items.txt	LTP493	NiclsCourierReadOnly	0	1	n/a	COOKIES	57	n/a	n/a	n/a
3130044	FFR_REC_WORD	wordpools/all_items.txt	LTP493	NiclsCourierReadOnly	0	1	n/a	LEGOS	120	n/a	n/a	n/a
3131463	FFR_REC_WORD	wordpools/all_items.txt	LTP493	NiclsCourierReadOnly	0	1	n/a	KARAOKE_MACHINE	117	n/a	n/a	n/a
3131588	FFR_REC_WORD	wordpools/all_items.txt	LTP493	NiclsCourierReadOnly	0	1	n/a	EAR_PLUGS	75	pharmacy	26.5	17.0
3132524	FFR_REC_WORD	wordpools/all_items.txt	LTP493	NiclsCourierReadOnly	0	1	n/a	COUGH_SYRUP	59	n/a	n/a	n/a
3133522	FFR_REC_WORD	wordpools/all_items.txt	LTP493	NiclsCourierReadOnly	0	1	n/a	NOSE_SPRAY	143	n/a	n/a	n/a
3139320	FFR_REC_WORD	wordpools/all_items.txt	LTP493	NiclsCourierReadOnly	0	1	n/a	AMPLIFIER	5	music_store	-9.1015625	17.90625
3139999	FFR_REC_WORD	wordpools/all_items.txt	LTP493	NiclsCourierReadOnly	0	1	n/a	HAMSTER	105	n/a	n/a	n/a
3140256	FFR_REC_WORD	wordpools/all_items.txt	LTP493	NiclsCourierReadOnly	0	1	n/a	GUITAR_STRINGS	98	n/a	n/a	n/a
3141643	FFR_REC_WORD	wordpools/all_items.txt	LTP493	NiclsCourierReadOnly	0	1	n/a	LEASH	119	n/a	n/a	n/a
3142756	FFR_REC_WORD	wordpools/all_items.txt	LTP493	NiclsCourierReadOnly	0	1	n/a	YARN	237	craft_shop	-14.296875	-12.8984375
3146498	FFR_REC_WORD	wordpools/all_items.txt	LTP493	NiclsCourierReadOnly	0	1	n/a	CONFETTI	-1	n/a	n/a	n/a
3146982	FFR_REC_WORD	wordpools/all_items.txt	LTP493	NiclsCourierReadOnly	0	1	n/a	HARMONICA	109	n/a	n/a	n/a
3147354	FFR_REC_WORD	wordpools/all_items.txt	LTP493	NiclsCourierReadOnly	0	1	n/a	GLUE	93	craft_shop	-14.296875	-12.8984375
3147843	FFR_REC_WORD	wordpools/all_items.txt	LTP493	NiclsCourierReadOnly	0	1	n/a	GUITAR	97	n/a	n/a	n/a
3150126	FFR_REC_WORD	wordpools/all_items.txt	LTP493	NiclsCourierReadOnly	0	1	n/a	AMPLIFIER	5	music_store	-9.1015625	17.90625
3161855	FFR_REC_WORD	wordpools/all_items.txt	LTP493	NiclsCourierReadOnly	0	1	n/a	SHAMPOO	191	barber_shop	58.3125	27.90625
3162301	FFR_REC_WORD	wordpools/all_items.txt	LTP493	NiclsCourierReadOnly	0	1	n/a	TRACING_PAPER	223	n/a	n/a	n/a
3167222	FFR_REC_WORD	wordpools/all_items.txt	LTP493	NiclsCourierReadOnly	0	1	n/a	MEDICINE_BALL	129	n/a	n/a	n/a
3168280	FFR_REC_WORD	wordpools/all_items.txt	LTP493	NiclsCourierReadOnly	0	1	n/a	FLOOR_MAT	85	gym	14.5	-33.6875
3169678	FFR_REC_WORD	wordpools/all_items.txt	LTP493	NiclsCourierReadOnly	0	1	n/a	HAND_SANITIZER	106	n/a	n/a	n/a
3174663	FFR_REC_WORD	wordpools/all_items.txt	LTP493	NiclsCourierReadOnly	0	1	n/a	EYE_DROPS	80	n/a	n/a	n/a
3177717	FFR_REC_WORD	wordpools/all_items.txt	LTP493	NiclsCourierReadOnly	0	1	n/a	Q-TIPS	169	n/a	n/a	n/a
3182054	FFR_STOP	n/a	LTP493	NiclsCourierReadOnly	0	1	1	n/a	n/a	n/a	n/a	n/a
3182868	BREAK_START	n/a	LTP493	NiclsCourierReadOnly	0	1	1	n/a	n/a	n/a	n/a	n/a
3244072	BREAK_STOP	n/a	LTP493	NiclsCourierReadOnly	0	1	1	n/a	n/a	n/a	n/a	n/a
3244072	MUSIC_VIDEOS_START	n/a	LTP493	NiclsCourierReadOnly	0	video	1	n/a	n/a	n/a	n/a	n/a
3259438	VIDEO_START	n/a	LTP493	NiclsCourierReadOnly	0	video	1	n/a	2	n/a	n/a	n/a
3607988	VIDEO_STOP	n/a	LTP493	NiclsCourierReadOnly	0	video	1	n/a	2	n/a	n/a	n/a
3630288	VIDEO_START	n/a	LTP493	NiclsCourierReadOnly	0	video	1	n/a	3	n/a	n/a	n/a
3910838	VIDEO_STOP	n/a	LTP493	NiclsCourierReadOnly	0	video	1	n/a	3	n/a	n/a	n/a
3931421	MUSIC_VIDEOS_STOP	n/a	LTP493	NiclsCourierReadOnly	0	2	1	n/a	n/a	n/a	n/a	n/a
3935774	TRIAL_START	n/a	LTP493	NiclsCourierReadOnly	0	2	2	n/a	n/a	n/a	n/a	n/a
3947788	POINTER_ON	n/a	LTP493	NiclsCourierReadOnly	0	2	2	n/a	n/a	n/a	n/a	n/a
3955588	WORD	wordpools/all_items.txt	LTP493	NiclsCourierReadOnly	0	2	2	PARROT	n/a	pet_store	59.3125	-9.203125
3969221	POINTER_ON	n/a	LTP493	NiclsCourierReadOnly	0	2	2	n/a	n/a	n/a	n/a	n/a
3984055	WORD	wordpools/all_items.txt	LTP493	NiclsCourierReadOnly	0	2	2	SANDALS	n/a	clothing_store	35.09375	26.703125
3997671	POINTER_ON	n/a	LTP493	NiclsCourierReadOnly	0	2	2	n/a	n/a	n/a	n/a	n/a
4012121	WORD	wordpools/all_items.txt	LTP493	NiclsCourierReadOnly	0	2	2	KARAOKE_MACHINE	n/a	toy_store	-31.796875	55.6875
4024888	WORD	wordpools/all_items.txt	LTP493	NiclsCourierReadOnly	0	2	2	HALF-AND-HALF	n/a	cafe	36.6875	59.09375
4038504	POINTER_ON	n/a	LTP493	NiclsCourierReadOnly	0	2	2	n/a	n/a	n/a	n/a	n/a
4048938	WORD	wordpools/all_items.txt	LTP493	NiclsCourierReadOnly	0	2	2	LEVEL	n/a	hardware_store	14.6015625	-58.8125
4062571	POINTER_ON	n/a	LTP493	NiclsCourierReadOnly	0	2	2	n/a	n/a	n/a	n/a	n/a
4072538	WORD	wordpools/all_items.txt	LTP493	NiclsCourierReadOnly	0	2	2	CURLING_IRON	n/a	barber_shop	58.3125	27.90625
4086171	POINTER_ON	n/a	LTP493	NiclsCourierReadOnly	0	2	2	n/a	n/a	n/a	n/a	n/a
4094021	WORD	wordpools/all_items.txt	LTP493	NiclsCourierReadOnly	0	2	2	OATMEAL	n/a	grocery_store	-60.0	-11.5
4107654	POINTER_ON	n/a	LTP493	NiclsCourierReadOnly	0	2	2	n/a	n/a	n/a	n/a	n/a
4114454	WORD	wordpools/all_items.txt	LTP493	NiclsCourierReadOnly	0	2	2	FERTILIZER	n/a	florist	35.40625	-33.09375
4125304	WORD	wordpools/all_items.txt	LTP493	NiclsCourierReadOnly	0	2	2	BELL	n/a	bike_shop	32.1875	-60.90625
4137121	WORD	wordpools/all_items.txt	LTP493	NiclsCourierReadOnly	0	2	2	BASS	n/a	music_store	-9.1015625	17.90625
4151422	WORD	wordpools/all_items.txt	LTP493	NiclsCourierReadOnly	0	2	2	HAND_SANITIZER	n/a	gym	14.5	-33.6875
4165054	POINTER_ON	n/a	LTP493	NiclsCourierReadOnly	0	2	2	n/a	n/a	n/a	n/a	n/a
4166588	WORD	wordpools/all_items.txt	LTP493	NiclsCourierReadOnly	0	2	2	RINGS	n/a	jewelry_store	62.3125	-33.5
4180222	POINTER_ON	n/a	LTP493	NiclsCourierReadOnly	0	2	2	n/a	n/a	n/a	n/a	n/a
4195771	WORD	wordpools/all_items.txt	LTP493	NiclsCourierReadOnly	0	2	2	LOLLIPOPS	n/a	dentist	-29.59375	-37.1875
4209405	POINTER_ON	n/a	LTP493	NiclsCourierReadOnly	0	2	2	n/a	n/a	n/a	n/a	n/a
4212421	WORD	wordpools/all_items.txt	LTP493	NiclsCourierReadOnly	0	2	2	CONSTRUCTION_PAPER	n/a	craft_shop	-14.296875	-12.8984375
4226055	POINTER_ON	n/a	LTP493	NiclsCourierReadOnly	0	2	2	n/a	n/a	n/a	n/a	n/a
4248671	WORD	wordpools/all_items.txt	LTP493	NiclsCourierReadOnly	0	2	2	BAKING_SODA	n/a	bakery	-3.099609375	-58.5
4261671	TRIAL_END	n/a	LTP493	NiclsCourierReadOnly	0	2	2	n/a	n/a	n/a	n/a	n/a
4272671	REC_START	n/a	LTP493	NiclsCourierReadOnly	0	2	2	n/a	n/a	n/a	n/a	n/a
4273867	REC_WORD	wordpools/all_items.txt	LTP493	NiclsCourierReadOnly	0	2	2	BAKING_SODA	14	bakery	-3.099609375	-58.5
4274985	REC_WORD	wordpools/all_items.txt	LTP493	NiclsCourierReadOnly	0	2	2	HAND_SANITIZER	106	gym	14.5	-33.6875
4276577	REC_WORD	wordpools/all_items.txt	LTP493	NiclsCourierReadOnly	0	2	2	PARROT	151	pet_store	59.3125	-9.203125
4277865	REC_WORD	wordpools/all_items.txt	LTP493	NiclsCourierReadOnly	0	2	2	SANDALS	180	clothing_store	35.09375	26.703125
4280420	REC_WORD	wordpools/all_items.txt	LTP493	NiclsCourierReadOnly	0	2	2	HALF-AND-HALF	102	cafe	36.6875	59.09375
4284019	REC_WORD	wordpools/all_items.txt	LTP493	NiclsCourierReadOnly	0	2	2	RINGS	176	jewelry_store	62.3125	-33.5
4285834	REC_WORD	wordpools/all_items.txt	LTP493	NiclsCourierReadOnly	0	2	2	FERTILIZER	83	florist	35.40625	-33.09375
4302209	REC_WORD	wordpools/all_items.txt	LTP493	NiclsCourierReadOnly	0	2	2	BASS	18	music_store	-9.1015625	17.90625
4306535	REC_WORD	wordpools/all_items.txt	LTP493	NiclsCourierReadOnly	0	2	2	LEVEL	121	hardware_store	14.6015625	-58.8125
4347566	REC_WORD	wordpools/all_items.txt	LTP493	NiclsCourierReadOnly	0	2	2	KARAOKE_MACHINE	117	toy_store	-31.796875	55.6875
4362688	REC_STOP	n/a	LTP493	NiclsCourierReadOnly	0	2	2	n/a	n/a	n/a	n/a	n/a
4371206	CUED_REC_CUE	n/a	LTP493	NiclsCourierReadOnly	0	2	2	BELL	n/a	bike_shop	32.1875	-60.90625
4374681	CUED_REC_WORD	wordpools/all_items.txt	LTP493	NiclsCourierReadOnly	0	2	2	OIL	-1	n/a	n/a	n/a
4376021	CUED_REC_STOP	n/a	LTP493	NiclsCourierReadOnly	0	2	2	n/a	n/a	n/a	n/a	n/a
4377840	CUED_REC_CUE	n/a	LTP493	NiclsCourierReadOnly	0	2	2	OATMEAL	n/a	grocery_store	-60.0	-11.5
4383855	CUED_REC_STOP	n/a	LTP493	NiclsCourierReadOnly	0	2	2	n/a	n/a	n/a	n/a	n/a
4383856	CUED_REC_WORD_VV	wordpools/all_items.txt	LTP493	NiclsCourierReadOnly	0	2	2	<>	-1	n/a	n/a	n/a
4386056	CUED_REC_CUE	n/a	LTP493	NiclsCourierReadOnly	0	2	2	CURLING_IRON	n/a	barber_shop	58.3125	27.90625
4388064	CUED_REC_WORD	wordpools/all_items.txt	LTP493	NiclsCourierReadOnly	0	2	2	CURLING_IRON	63	n/a	n/a	n/a
4389738	CUED_REC_STOP	n/a	LTP493	NiclsCourierReadOnly	0	2	2	n/a	n/a	n/a	n/a	n/a
4391739	CUED_REC_CUE	n/a	LTP493	NiclsCourierReadOnly	0	2	2	PARROT	n/a	pet_store	59.3125	-9.203125
4393121	CUED_REC_WORD	wordpools/all_items.txt	LTP493	NiclsCourierReadOnly	0	2	2	PARROT	151	n/a	n/a	n/a
4394405	CUED_REC_STOP	n/a	LTP493	NiclsCourierReadOnly	0	2	2	n/a	n/a	n/a	n/a	n/a
4396355	CUED_REC_CUE	n/a	LTP493	NiclsCourierReadOnly	0	2	2	RINGS	n/a	jewelry_store	62.3125	-33.5
4397566	CUED_REC_WORD	wordpools/all_items.txt	LTP493	NiclsCourierReadOnly	0	2	2	RINGS	176	n/a	n/a	n/a
4398638	CUED_REC_STOP	n/a	LTP493	NiclsCourierReadOnly	0	2	2	n/a	n/a	n/a	n/a	n/a
4400440	CUED_REC_CUE	n/a	LTP493	NiclsCourierReadOnly	0	2	2	LOLLIPOPS	n/a	dentist	-29.59375	-37.1875
4406455	CUED_REC_STOP	n/a	LTP493	NiclsCourierReadOnly	0	2	2	n/a	n/a	n/a	n/a	n/a
4406455	CUED_REC_WORD_VV	wordpools/all_items.txt	LTP493	NiclsCourierReadOnly	0	2	2	<>	-1	n/a	n/a	n/a
4408323	CUED_REC_CUE	n/a	LTP493	NiclsCourierReadOnly	0	2	2	HAND_SANITIZER	n/a	gym	14.5	-33.6875
4410382	CUED_REC_WORD	wordpools/all_items.txt	LTP493	NiclsCourierReadOnly	0	2	2	HAND_SANITIZER	106	n/a	n/a	n/a
4412121	CUED_REC_STOP	n/a	LTP493	NiclsCourierReadOnly	0	2	2	n/a	n/a	n/a	n/a	n/a
4414158	CUED_REC_CUE	n/a	LTP493	NiclsCourierReadOnly	0	2	2	BASS	n/a	music_store	-9.1015625	17.90625
4415580	CUED_REC_WORD	wordpools/all_items.txt	LTP493	NiclsCourierReadOnly	0	2	2	BASS	18	n/a	n/a	n/a
4416705	CUED_REC_STOP	n/a	LTP493	NiclsCourierReadOnly	0	2	2	n/a	n/a	n/a	n/a	n/a
4418872	CUED_REC_CUE	n/a	LTP493	NiclsCourierReadOnly	0	2	2	KARAOKE_MACHINE	n/a	toy_store	-31.796875	55.6875
4420320	CUED_REC_WORD	wordpools/all_items.txt	LTP493	NiclsCourierReadOnly	0	2	2	KARAOKE_MACHINE	117	n/a	n/a	n/a
4421821	CUED_REC_STOP	n/a	LTP493	NiclsCourierReadOnly	0	2	2	n/a	n/a	n/a	n/a	n/a
4423856	CUED_REC_CUE	n/a	LTP493	NiclsCourierReadOnly	0	2	2	FERTILIZER	n/a	florist	35.40625	-33.09375
4425216	CUED_REC_WORD	wordpools/all_items.txt	LTP493	NiclsCourierReadOnly	0	2	2	FERTILIZER	83	n/a	n/a	n/a
4426455	CUED_REC_STOP	n/a	LTP493	NiclsCourierReadOnly	0	2	2	n/a	n/a	n/a	n/a	n/a
4428239	CUED_REC_CUE	n/a	LTP493	NiclsCourierReadOnly	0	2	2	CONSTRUCTION_PAPER	n/a	craft_shop	-14.296875	-12.8984375
4434238	CUED_REC_WORD_VV	wordpools/all_items.txt	LTP493	NiclsCourierReadOnly	0	2	2	<>	-1	n/a	n/a	n/a
4434238	CUED_REC_STOP	n/a	LTP493	NiclsCourierReadOnly	0	2	2	n/a	n/a	n/a	n/a	n/a
4436039	CUED_REC_CUE	n/a	LTP493	NiclsCourierReadOnly	0	2	2	BAKING_SODA	n/a	bakery	-3.099609375	-58.5
4437373	CUED_REC_WORD	wordpools/all_items.txt	LTP493	NiclsCourierReadOnly	0	2	2	HALF-AND-HALF	102	n/a	n/a	n/a
4441879	CUED_REC_WORD_VV	wordpools/all_items.txt	LTP493	NiclsCourierReadOnly	0	2	2	<>	-1	n/a	n/a	n/a
4442038	CUED_REC_STOP	n/a	LTP493	NiclsCourierReadOnly	0	2	2	n/a	n/a	n/a	n/a	n/a
4444056	CUED_REC_CUE	n/a	LTP493	NiclsCourierReadOnly	0	2	2	LEVEL	n/a	hardware_store	14.6015625	-58.8125
4445536	CUED_REC_WORD	wordpools/all_items.txt	LTP493	NiclsCourierReadOnly	0	2	2	LEVEL	121	n/a	n/a	n/a
4446988	CUED_REC_STOP	n/a	LTP493	NiclsCourierReadOnly	0	2	2	n/a	n/a	n/a	n/a	n/a
4449239	CUED_REC_CUE	n/a	LTP493	NiclsCourierReadOnly	0	2	2	SANDALS	n/a	clothing_store	35.09375	26.703125
4451078	CUED_REC_WORD	wordpools/all_items.txt	LTP493	NiclsCourierReadOnly	0	2	2	SANDALS	180	n/a	n/a	n/a
4452021	CUED_REC_STOP	n/a	LTP493	NiclsCourierReadOnly	0	2	2	n/a	n/a	n/a	n/a	n/a
4453872	CUED_REC_CUE	n/a	LTP493	NiclsCourierReadOnly	0	2	2	HALF-AND-HALF	n/a	cafe	36.6875	59.09375
4455242	CUED_REC_WORD	wordpools/all_items.txt	LTP493	NiclsCourierReadOnly	0	2	2	HALF-AND-HALF	102	n/a	n/a	n/a
4456738	CUED_REC_STOP	n/a	LTP493	NiclsCourierReadOnly	0	2	2	n/a	n/a	n/a	n/a	n/a
4459155	TRIAL_START	n/a	LTP493	NiclsCourierReadOnly	0	2	3	n/a	n/a	n/a	n/a	n/a
4468621	WORD	wordpools/all_items.txt	LTP493	NiclsCourierReadOnly	0	2	3	DAFFODILS	n/a	florist	35.40625	-33.09375
4482240	POINTER_ON	n/a	LTP493	NiclsCourierReadOnly	0	2	3	n/a	n/a	n/a	n/a	n/a
4489021	WORD	wordpools/all_items.txt	LTP493	NiclsCourierReadOnly	0	2	3	LEASH	n/a	pet_store	59.3125	-9.203125
4498805	WORD	wordpools/all_items.txt	LTP493	NiclsCourierReadOnly	0	2	3	EYE_DROPS	n/a	pharmacy	26.5	17.0
4512438	POINTER_ON	n/a	LTP493	NiclsCourierReadOnly	0	2	3	n/a	n/a	n/a	n/a	n/a
4528821	WORD	wordpools/all_items.txt	LTP493	NiclsCourierReadOnly	0	2	3	EARRINGS	n/a	jewelry_store	62.3125	-33.5
4542438	POINTER_ON	n/a	LTP493	NiclsCourierReadOnly	0	2	3	n/a	n/a	n/a	n/a	n/a
4551905	WORD	wordpools/all_items.txt	LTP493	NiclsCourierReadOnly	0	2	3	YOYO	n/a	toy_store	-31.796875	55.6875
4563671	WORD	wordpools/all_items.txt	LTP493	NiclsCourierReadOnly	0	2	3	RECORDER	n/a	music_store	-9.1015625	17.90625
4577288	POINTER_ON	n/a	LTP493	NiclsCourierReadOnly	0	2	3	n/a	n/a	n/a	n/a	n/a
4584788	WORD	wordpools/all_items.txt	LTP493	NiclsCourierReadOnly	0	2	3	COOKIES	n/a	bakery	-3.099609375	-58.5
4593155	WORD	wordpools/all_items.txt	LTP493	NiclsCourierReadOnly	0	2	3	NAILGUN	n/a	hardware_store	14.6015625	-58.8125
4606771	POINTER_ON	n/a	LTP493	NiclsCourierReadOnly	0	2	3	n/a	n/a	n/a	n/a	n/a
4609721	WORD	wordpools/all_items.txt	LTP493	NiclsCourierReadOnly	0	2	3	PURSE	n/a	clothing_store	35.09375	26.703125
4623338	POINTER_ON	n/a	LTP493	NiclsCourierReadOnly	0	2	3	n/a	n/a	n/a	n/a	n/a
4632972	WORD	wordpools/all_items.txt	LTP493	NiclsCourierReadOnly	0	2	3	SCALE	n/a	gym	14.5	-33.6875
4642804	WORD	wordpools/all_items.txt	LTP493	NiclsCourierReadOnly	0	2	3	CANVAS	n/a	craft_shop	-14.296875	-12.8984375
4656421	POINTER_ON	n/a	LTP493	NiclsCourierReadOnly	0	2	3	n/a	n/a	n/a	n/a	n/a
4668089	WORD	wordpools/all_items.txt	LTP493	NiclsCourierReadOnly	0	2	3	RETAINER	n/a	dentist	-29.59375	-37.1875
4679448	WORD	wordpools/all_items.txt	LTP493	NiclsCourierReadOnly	0	2	3	BOTTLED_WATER	n/a	grocery_store	-60.0	-11.5
4693054	POINTER_ON	n/a	LTP493	NiclsCourierReadOnly	0	2	3	n/a	n/a	n/a	n/a	n/a
4712171	WORD	wordpools/all_items.txt	LTP493	NiclsCourierReadOnly	0	2	3	TIRES	n/a	bike_shop	32.1875	-60.90625
4725788	POINTER_ON	n/a	LTP493	NiclsCourierReadOnly	0	2	3	n/a	n/a	n/a	n/a	n/a
4734755	WORD	wordpools/all_items.txt	LTP493	NiclsCourierReadOnly	0	2	3	HOT_CHOCOLATE	n/a	cafe	36.6875	59.09375
4742738	TRIAL_END	n/a	LTP493	NiclsCourierReadOnly	0	2	3	n/a	n/a	n/a	n/a	n/a
4753755	REC_START	n/a	LTP493	NiclsCourierReadOnly	0	2	3	n/a	n/a	n/a	n/a	n/a
4754844	REC_WORD	wordpools/all_items.txt	LTP493	NiclsCourierReadOnly	0	2	3	HOT_CHOCOLATE	112	cafe	36.6875	59.09375
4756076	REC_WORD	wordpools/all_items.txt	LTP493	NiclsCourierReadOnly	0	2	3	LEASH	119	pet_store	59.3125	-9.203125
4757041	REC_WORD	wordpools/all_items.txt	LTP493	NiclsCourierReadOnly	0	2	3	TIRES	217	bike_shop	32.1875	-60.90625
4759041	REC_WORD	wordpools/all_items.txt	LTP493	NiclsCourierReadOnly	0	2	3	DAFFODILS	64	florist	35.40625	-33.09375
4760178	REC_WORD	wordpools/all_items.txt	LTP493	NiclsCourierReadOnly	0	2	3	EARRINGS	76	jewelry_store	62.3125	-33.5
4762516	REC_WORD	wordpools/all_items.txt	LTP493	NiclsCourierReadOnly	0	2	3	RECORDER	171	music_store	-9.1015625	17.90625
4768901	REC_WORD	wordpools/all_items.txt	LTP493	NiclsCourierReadOnly	0	2	3	COOKIES	57	bakery	-3.099609375	-58.5
4775572	REC_WORD	wordpools/all_items.txt	LTP493	NiclsCourierReadOnly	0	2	3	EYE_DROPS	80	pharmacy	26.5	17.0
4782517	REC_WORD	wordpools/all_items.txt	LTP493	NiclsCourierReadOnly	0	2	3	PURSE	168	clothing_store	35.09375	26.703125
4831853	REC_WORD	wordpools/all_items.txt	LTP493	NiclsCourierReadOnly	0	2	3	NAILGUN	138	hardware_store	14.6015625	-58.8125
4839249	REC_WORD	wordpools/all_items.txt	LTP493	NiclsCourierReadOnly	0	2	3	TIRES	217	bike_shop	32.1875	-60.90625
4840854	EFR_MARK	n/a	LTP493	NiclsCourierReadOnly	0	2	3	n/a	n/a	n/a	n/a	n/a
4843771	REC_STOP	n/a	LTP493	NiclsCourierReadOnly	0	2	3	n/a	n/a	n/a	n/a	n/a
4852256	CUED_REC_CUE	n/a	LTP493	NiclsCourierReadOnly	0	2	3	TIRES	n/a	bike_shop	32.1875	-60.90625
4853314	CUED_REC_WORD	wordpools/all_items.txt	LTP493	NiclsCourierReadOnly	0	2	3	TIRES	217	n/a	n/a	n/a
4854705	CUED_REC_STOP	n/a	LTP493	NiclsCourierReadOnly	0	2	3	n/a	n/a	n/a	n/a	n/a
4856876	CUED_REC_CUE	n/a	LTP493	NiclsCourierReadOnly	0	2	3	DAFFODILS	n/a	florist	35.40625	-33.09375
4858075	CUED_REC_WORD	wordpools/all_items.txt	LTP493	NiclsCourierReadOnly	0	2	3	DAFFODILS	64	n/a	n/a	n/a
4858888	CUED_REC_STOP	n/a	LTP493	NiclsCourierReadOnly	0	2	3	n/a	n/a	n/a	n/a	n/a
4860940	CUED_REC_CUE	n/a	LTP493	NiclsCourierReadOnly	0	2	3	COOKIES	n/a	bakery	-3.099609375	-58.5
4862752	CUED_REC_WORD	wordpools/all_items.txt	LTP493	NiclsCourierReadOnly	0	2	3	COOKIES	57	n/a	n/a	n/a
4863872	CUED_REC_STOP	n/a	LTP493	NiclsCourierReadOnly	0	2	3	n/a	n/a	n/a	n/a	n/a
4866122	CUED_REC_CUE	n/a	LTP493	NiclsCourierReadOnly	0	2	3	PURSE	n/a	clothing_store	35.09375	26.703125
4867304	CUED_REC_WORD	wordpools/all_items.txt	LTP493	NiclsCourierReadOnly	0	2	3	PURSE	168	n/a	n/a	n/a
4868189	CUED_REC_STOP	n/a	LTP493	NiclsCourierReadOnly	0	2	3	n/a	n/a	n/a	n/a	n/a
4870072	CUED_REC_CUE	n/a	LTP493	NiclsCourierReadOnly	0	2	3	RECORDER	n/a	music_store	-9.1015625	17.90625
4871898	CUED_REC_WORD	wordpools/all_items.txt	LTP493	NiclsCourierReadOnly	0	2	3	RECORDER	171	n/a	n/a	n/a
4873222	CUED_REC_STOP	n/a	LTP493	NiclsCourierReadOnly	0	2	3	n/a	n/a	n/a	n/a	n/a
4875406	CUED_REC_CUE	n/a	LTP493	NiclsCourierReadOnly	0	2	3	BOTTLED_WATER	n/a	grocery_store	-60.0	-11.5
4881405	CUED_REC_WORD_VV	wordpools/all_items.txt	LTP493	NiclsCourierReadOnly	0	2	3	<>	-1	n/a	n/a	n/a
4881405	CUED_REC_STOP	n/a	LTP493	NiclsCourierReadOnly	0	2	3	n/a	n/a	n/a	n/a	n/a
4883406	CUED_REC_CUE	n/a	LTP493	NiclsCourierReadOnly	0	2	3	LEASH	n/a	pet_store	59.3125	-9.203125
4885614	CUED_REC_WORD	wordpools/all_items.txt	LTP493	NiclsCourierReadOnly	0	2	3	LEASH	119	n/a	n/a	n/a
4887072	CUED_REC_STOP	n/a	LTP493	NiclsCourierReadOnly	0	2	3	n/a	n/a	n/a	n/a	n/a
4888939	CUED_REC_CUE	n/a	LTP493	NiclsCourierReadOnly	0	2	3	NAILGUN	n/a	hardware_store	14.6015625	-58.8125
4890153	CUED_REC_WORD	wordpools/all_items.txt	LTP493	NiclsCourierReadOnly	0	2	3	NAILGUN	138	n/a	n/a	n/a
4892071	CUED_REC_STOP	n/a	LTP493	NiclsCourierReadOnly	0	2	3	n/a	n/a	n/a	n/a	n/a
4894156	CUED_REC_CUE	n/a	LTP493	NiclsCourierReadOnly	0	2	3	EARRINGS	n/a	jewelry_store	62.3125	-33.5
4896189	CUED_REC_WORD	wordpools/all_items.txt	LTP493	NiclsCourierReadOnly	0	2	3	EARRINGS	76	n/a	n/a	n/a
4897187	CUED_REC_STOP	n/a	LTP493	NiclsCourierReadOnly	0	2	3	n/a	n/a	n/a	n/a	n/a
4899122	CUED_REC_CUE	n/a	LTP493	NiclsCourierReadOnly	0	2	3	HOT_CHOCOLATE	n/a	cafe	36.6875	59.09375
4900602	CUED_REC_WORD	wordpools/all_items.txt	LTP493	NiclsCourierReadOnly	0	2	3	HOT_CHOCOLATE	112	n/a	n/a	n/a
4902055	CUED_REC_STOP	n/a	LTP493	NiclsCourierReadOnly	0	2	3	n/a	n/a	n/a	n/a	n/a
4903822	CUED_REC_CUE	n/a	LTP493	NiclsCourierReadOnly	0	2	3	SCALE	n/a	gym	14.5	-33.6875
4908271	CUED_REC_WORD_VV	wordpools/all_items.txt	LTP493	NiclsCourierReadOnly	0	2	3	<>	-1	n/a	n/a	n/a
4908271	CUED_REC_STOP	n/a	LTP493	NiclsCourierReadOnly	0	2	3	n/a	n/a	n/a	n/a	n/a
4910073	CUED_REC_CUE	n/a	LTP493	NiclsCourierReadOnly	0	2	3	RETAINER	n/a	dentist	-29.59375	-37.1875
4915200	CUED_REC_WORD	wordpools/all_items.txt	LTP493	NiclsCourierReadOnly	0	2	3	RETAINER	174	n/a	n/a	n/a
4916072	CUED_REC_STOP	n/a	LTP493	NiclsCourierReadOnly	0	2	3	n/a	n/a	n/a	n/a	n/a
4918205	CUED_REC_CUE	n/a	LTP493	NiclsCourierReadOnly	0	2	3	CANVAS	n/a	craft_shop	-14.296875	-12.8984375
4924204	CUED_REC_WORD_VV	wordpools/all_items.txt	LTP493	NiclsCourierReadOnly	0	2	3	<>	-1	n/a	n/a	n/a
4924205	CUED_REC_STOP	n/a	LTP493	NiclsCourierReadOnly	0	2	3	n/a	n/a	n/a	n/a	n/a
4926256	CUED_REC_CUE	n/a	LTP493	NiclsCourierReadOnly	0	2	3	EYE_DROPS	n/a	pharmacy	26.5	17.0
4927674	CUED_REC_WORD	wordpools/all_items.txt	LTP493	NiclsCourierReadOnly	0	2	3	EYE_DROPS	80	n/a	n/a	n/a
4929105	CUED_REC_STOP	n/a	LTP493	NiclsCourierReadOnly	0	2	3	n/a	n/a	n/a	n/a	n/a
4931322	CUED_REC_CUE	n/a	LTP493	NiclsCourierReadOnly	0	2	3	YOYO	n/a	toy_store	-31.796875	55.6875
4937321	CUED_REC_WORD_VV	wordpools/all_items.txt	LTP493	NiclsCourierReadOnly	0	2	3	<>	-1	n/a	n/a	n/a
4937321	CUED_REC_STOP	n/a	LTP493	NiclsCourierReadOnly	0	2	3	n/a	n/a	n/a	n/a	n/a
4939904	TRIAL_START	n/a	LTP493	NiclsCourierReadOnly	0	2	4	n/a	n/a	n/a	n/a	n/a
4951922	POINTER_ON	n/a	LTP493	NiclsCourierReadOnly	0	2	4	n/a	n/a	n/a	n/a	n/a
4959655	WORD	wordpools/all_items.txt	LTP493	NiclsCourierReadOnly	0	2	4	TRAIN_SET	n/a	toy_store	-31.796875	55.6875
4973288	POINTER_ON	n/a	LTP493	NiclsCourierReadOnly	0	2	4	n/a	n/a	n/a	n/a	n/a
4976405	WORD	wordpools/all_items.txt	LTP493	NiclsCourierReadOnly	0	2	4	TOMATO_SAUCE	n/a	pizzeria	-39.0	-61.90625
4989471	WORD	wordpools/all_items.txt	LTP493	NiclsCourierReadOnly	0	2	4	GUITAR	n/a	music_store	-9.1015625	17.90625
5000021	WORD	wordpools/all_items.txt	LTP493	NiclsCourierReadOnly	0	2	4	STYROFOAM	n/a	craft_shop	-14.296875	-12.8984375
5013654	POINTER_ON	n/a	LTP493	NiclsCourierReadOnly	0	2	4	n/a	n/a	n/a	n/a	n/a
5028188	WORD	wordpools/all_items.txt	LTP493	NiclsCourierReadOnly	0	2	4	Q-TIPS	n/a	pharmacy	26.5	17.0
5041821	POINTER_ON	n/a	LTP493	NiclsCourierReadOnly	0	2	4	n/a	n/a	n/a	n/a	n/a
5045288	WORD	wordpools/all_items.txt	LTP493	NiclsCourierReadOnly	0	2	4	CHALK	n/a	gym	14.5	-33.6875
5058921	POINTER_ON	n/a	LTP493	NiclsCourierReadOnly	0	2	4	n/a	n/a	n/a	n/a	n/a
5064188	WORD	wordpools/all_items.txt	LTP493	NiclsCourierReadOnly	0	2	4	HAM	n/a	grocery_store	-60.0	-11.5
5077805	POINTER_ON	n/a	LTP493	NiclsCourierReadOnly	0	2	4	n/a	n/a	n/a	n/a	n/a
5097338	WORD	wordpools/all_items.txt	LTP493	NiclsCourierReadOnly	0	2	4	NAILS	n/a	hardware_store	14.6015625	-58.8125
5110971	POINTER_ON	n/a	LTP493	NiclsCourierReadOnly	0	2	4	n/a	n/a	n/a	n/a	n/a
5117488	WORD	wordpools/all_items.txt	LTP493	NiclsCourierReadOnly	0	2	4	BLOW_DRYER	n/a	barber_shop	58.3125	27.90625
5130322	WORD	wordpools/all_items.txt	LTP493	NiclsCourierReadOnly	0	2	4	GOLD	n/a	jewelry_store	62.3125	-33.5
5143955	POINTER_ON	n/a	LTP493	NiclsCourierReadOnly	0	2	4	n/a	n/a	n/a	n/a	n/a
5157172	WORD	wordpools/all_items.txt	LTP493	NiclsCourierReadOnly	0	2	4	JACKET	n/a	clothing_store	35.09375	26.703125
5170805	POINTER_ON	n/a	LTP493	NiclsCourierReadOnly	0	2	4	n/a	n/a	n/a	n/a	n/a
5178688	WORD	wordpools/all_items.txt	LTP493	NiclsCourierReadOnly	0	2	4	TOOTHBRUSH	n/a	dentist	-29.59375	-37.1875
5192305	POINTER_ON	n/a	LTP493	NiclsCourierReadOnly	0	2	4	n/a	n/a	n/a	n/a	n/a
5207954	WORD	wordpools/all_items.txt	LTP493	NiclsCourierReadOnly	0	2	4	PUMP	n/a	bike_shop	32.1875	-60.90625
5221588	POINTER_ON	n/a	LTP493	NiclsCourierReadOnly	0	2	4	n/a	n/a	n/a	n/a	n/a
5228838	WORD	wordpools/all_items.txt	LTP493	NiclsCourierReadOnly	0	2	4	SCONES	n/a	cafe	36.6875	59.09375
5242472	POINTER_ON	n/a	LTP493	NiclsCourierReadOnly	0	2	4	n/a	n/a	n/a	n/a	n/a
5259455	WORD	wordpools/all_items.txt	LTP493	NiclsCourierReadOnly	0	2	4	DOUGHNUT	n/a	bakery	-3.099609375	-58.5
5274521	TRIAL_END	n/a	LTP493	NiclsCourierReadOnly	0	2	4	n/a	n/a	n/a	n/a	n/a
5285521	REC_START	n/a	LTP493	NiclsCourierReadOnly	0	2	4	n/a	n/a	n/a	n/a	n/a
5286636	REC_WORD	wordpools/all_items.txt	LTP493	NiclsCourierReadOnly	0	2	4	DOUGHNUT	71	bakery	-3.099609375	-58.5
5287366	REC_WORD	wordpools/all_items.txt	LTP493	NiclsCourierReadOnly	0	2	4	SCONES	187	cafe	36.6875	59.09375
5288761	REC_WORD	wordpools/all_items.txt	LTP493	NiclsCourierReadOnly	0	2	4	PUMP	165	bike_shop	32.1875	-60.90625
5293973	REC_WORD	wordpools/all_items.txt	LTP493	NiclsCourierReadOnly	0	2	4	JACKET	114	clothing_store	35.09375	26.703125
5309508	REC_WORD	wordpools/all_items.txt	LTP493	NiclsCourierReadOnly	0	2	4	TOMATO_SAUCE	219	pizzeria	-39.0	-61.90625
5317115	REC_WORD	wordpools/all_items.txt	LTP493	NiclsCourierReadOnly	0	2	4	DRILL	72	n/a	n/a	n/a
5345196	REC_WORD	wordpools/all_items.txt	LTP493	NiclsCourierReadOnly	0	2	4	PUMP	165	bike_shop	32.1875	-60.90625
5346322	EFR_MARK	n/a	LTP493	NiclsCourierReadOnly	0	2	4	n/a	n/a	n/a	n/a	n/a
5357185	REC_WORD	wordpools/all_items.txt	LTP493	NiclsCourierReadOnly	0	2	4	BAGELS	12	bakery	-3.099609375	-58.5
5362422	EFR_MARK	n/a	LTP493	NiclsCourierReadOnly	0	2	4	n/a	n/a	n/a	n/a	n/a
5374888	REC_WORD	wordpools/all_items.txt	LTP493	NiclsCourierReadOnly	0	2	4	GOLD	94	jewelry_store	62.3125	-33.5
5375538	REC_STOP	n/a	LTP493	NiclsCourierReadOnly	0	2	4	n/a	n/a	n/a	n/a	n/a
5384322	CUED_REC_CUE	n/a	LTP493	NiclsCourierReadOnly	0	2	4	PUMP	n/a	bike_shop	32.1875	-60.90625
5386162	CUED_REC_WORD	wordpools/all_items.txt	LTP493	NiclsCourierReadOnly	0	2	4	PUMP	165	n/a	n/a	n/a
5387038	CUED_REC_STOP	n/a	LTP493	NiclsCourierReadOnly	0	2	4	n/a	n/a	n/a	n/a	n/a
5389223	CUED_REC_CUE	n/a	LTP493	NiclsCourierReadOnly	0	2	4	HAM	n/a	grocery_store	-60.0	-11.5
5395238	CUED_REC_WORD_VV	wordpools/all_items.txt	LTP493	NiclsCourierReadOnly	0	2	4	<>	-1	n/a	n/a	n/a
5395238	CUED_REC_STOP	n/a	LTP493	NiclsCourierReadOnly	0	2	4	n/a	n/a	n/a	n/a	n/a
5397256	CUED_REC_CUE	n/a	LTP493	NiclsCourierReadOnly	0	2	4	NAILS	n/a	hardware_store	14.6015625	-58.8125
5399364	CUED_REC_WORD	wordpools/all_items.txt	LTP493	NiclsCourierReadOnly	0	2	4	DRILL	72	n/a	n/a	n/a
5401599	CUED_REC_STOP	n/a	LTP493	NiclsCourierReadOnly	0	2	4	n/a	n/a	n/a	n/a	n/a
5403539	CUED_REC_CUE	n/a	LTP493	NiclsCourierReadOnly	0	2	4	CHALK	n/a	gym	14.5	-33.6875
5409538	CUED_REC_WORD_VV	wordpools/all_items.txt	LTP493	NiclsCourierReadOnly	0	2	4	<>	-1	n/a	n/a	n/a
5409538	CUED_REC_STOP	n/a	LTP493	NiclsCourierReadOnly	0	2	4	n/a	n/a	n/a	n/a	n/a
5411322	CUED_REC_CUE	n/a	LTP493	NiclsCourierReadOnly	0	2	4	TOMATO_SAUCE	n/a	pizzeria	-39.0	-61.90625
5412675	CUED_REC_WORD	wordpools/all_items.txt	LTP493	NiclsCourierReadOnly	0	2	4	TOMATO_SAUCE	219	n/a	n/a	n/a
5413705	CUED_REC_STOP	n/a	LTP493	NiclsCourierReadOnly	0	2	4	n/a	n/a	n/a	n/a	n/a
5415589	CUED_REC_CUE	n/a	LTP493	NiclsCourierReadOnly	0	2	4	DOUGHNUT	n/a	bakery	-3.099609375	-58.5
5417669	CUED_REC_WORD	wordpools/all_items.txt	LTP493	NiclsCourierReadOnly	0	2	4	SCONES	187	n/a	n/a	n/a
5419355	CUED_REC_STOP	n/a	LTP493	NiclsCourierReadOnly	0	2	4	n/a	n/a	n/a	n/a	n/a
5421606	CUED_REC_CUE	n/a	LTP493	NiclsCourierReadOnly	0	2	4	Q-TIPS	n/a	pharmacy	26.5	17.0
5427621	CUED_REC_WORD_VV	wordpools/all_items.txt	LTP493	NiclsCourierReadOnly	0	2	4	<>	-1	n/a	n/a	n/a
5427621	CUED_REC_STOP	n/a	LTP493	NiclsCourierReadOnly	0	2	4	n/a	n/a	n/a	n/a	n/a
5429622	CUED_REC_CUE	n/a	LTP493	NiclsCourierReadOnly	0	2	4	BLOW_DRYER	n/a	barber_shop	58.3125	27.90625
5431870	CUED_REC_WORD	wordpools/all_items.txt	LTP493	NiclsCourierReadOnly	0	2	4	BLOW_DRYER	22	n/a	n/a	n/a
5433088	CUED_REC_STOP	n/a	LTP493	NiclsCourierReadOnly	0	2	4	n/a	n/a	n/a	n/a	n/a
5434855	CUED_REC_CUE	n/a	LTP493	NiclsCourierReadOnly	0	2	4	GUITAR	n/a	music_store	-9.1015625	17.90625
5440871	CUED_REC_WORD_VV	wordpools/all_items.txt	LTP493	NiclsCourierReadOnly	0	2	4	<>	-1	n/a	n/a	n/a
5440871	CUED_REC_STOP	n/a	LTP493	NiclsCourierReadOnly	0	2	4	n/a	n/a	n/a	n/a	n/a
5442972	CUED_REC_CUE	n/a	LTP493	NiclsCourierReadOnly	0	2	4	JACKET	n/a	clothing_store	35.09375	26.703125
5444903	CUED_REC_WORD	wordpools/all_items.txt	LTP493	NiclsCourierReadOnly	0	2	4	JACKET	114	n/a	n/a	n/a
5446288	CUED_REC_STOP	n/a	LTP493	NiclsCourierReadOnly	0	2	4	n/a	n/a	n/a	n/a	n/a
5448289	CUED_REC_CUE	n/a	LTP493	NiclsCourierReadOnly	0	2	4	SCONES	n/a	cafe	36.6875	59.09375
5454288	CUED_REC_WORD_VV	wordpools/all_items.txt	LTP493	NiclsCourierReadOnly	0	2	4	<>	-1	n/a	n/a	n/a
5454288	CUED_REC_STOP	n/a	LTP493	NiclsCourierReadOnly	0	2	4	n/a	n/a	n/a	n/a	n/a
5456423	CUED_REC_CUE	n/a	LTP493	NiclsCourierReadOnly	0	2	4	TOOTHBRUSH	n/a	dentist	-29.59375	-37.1875
5462421	CUED_REC_STOP	n/a	LTP493	NiclsCourierReadOnly	0	2	4	n/a	n/a	n/a	n/a	n/a
5462422	CUED_REC_WORD_VV	wordpools/all_items.txt	LTP493	NiclsCourierReadOnly	0	2	4	<>	-1	n/a	n/a	n/a
5464555	CUED_REC_CUE	n/a	LTP493	NiclsCourierReadOnly	0	2	4	TRAIN_SET	n/a	toy_store	-31.796875	55.6875
5470554	CUED_REC_WORD_VV	wordpools/all_items.txt	LTP493	NiclsCourierReadOnly	0	2	4	<>	-1	n/a	n/a	n/a
5470554	CUED_REC_STOP	n/a	LTP493	NiclsCourierReadOnly	0	2	4	n/a	n/a	n/a	n/a	n/a
5472805	CUED_REC_CUE	n/a	LTP493	NiclsCourierReadOnly	0	2	4	GOLD	n/a	jewelry_store	62.3125	-33.5
5474302	CUED_REC_WORD	wordpools/all_items.txt	LTP493	NiclsCourierReadOnly	0	2	4	GOLD	94	n/a	n/a	n/a
5475988	CUED_REC_STOP	n/a	LTP493	NiclsCourierReadOnly	0	2	4	n/a	n/a	n/a	n/a	n/a
5478072	CUED_REC_CUE	n/a	LTP493	NiclsCourierReadOnly	0	2	4	STYROFOAM	n/a	craft_shop	-14.296875	-12.8984375
5484071	CUED_REC_WORD_VV	wordpools/all_items.txt	LTP493	NiclsCourierReadOnly	0	2	4	<>	-1	n/a	n/a	n/a
5484071	CUED_REC_STOP	n/a	LTP493	NiclsCourierReadOnly	0	2	4	n/a	n/a	n/a	n/a	n/a
5486772	TRIAL_START	n/a	LTP493	NiclsCourierReadOnly	0	2	5	n/a	n/a	n/a	n/a	n/a
5488004	WORD	wordpools/all_items.txt	LTP493	NiclsCourierReadOnly	0	2	5	HAMSTER	n/a	pet_store	59.3125	-9.203125
5501638	POINTER_ON	n/a	LTP493	NiclsCourierReadOnly	0	2	5	n/a	n/a	n/a	n/a	n/a
5509955	WORD	wordpools/all_items.txt	LTP493	NiclsCourierReadOnly	0	2	5	LOCKS	n/a	bike_shop	32.1875	-60.90625
5523021	WORD	wordpools/all_items.txt	LTP493	NiclsCourierReadOnly	0	2	5	HARMONICA	n/a	music_store	-9.1015625	17.90625
5532461	WORD	wordpools/all_items.txt	LTP493	NiclsCourierReadOnly	0	2	5	TRACING_PAPER	n/a	craft_shop	-14.296875	-12.8984375
5546088	POINTER_ON	n/a	LTP493	NiclsCourierReadOnly	0	2	5	n/a	n/a	n/a	n/a	n/a
5560372	WORD	wordpools/all_items.txt	LTP493	NiclsCourierReadOnly	0	2	5	STRAWS	n/a	cafe	36.6875	59.09375
5574004	POINTER_ON	n/a	LTP493	NiclsCourierReadOnly	0	2	5	n/a	n/a	n/a	n/a	n/a
5579771	WORD	wordpools/all_items.txt	LTP493	NiclsCourierReadOnly	0	2	5	PLATINUM	n/a	jewelry_store	62.3125	-33.5
5593388	POINTER_ON	n/a	LTP493	NiclsCourierReadOnly	0	2	5	n/a	n/a	n/a	n/a	n/a
5609939	WORD	wordpools/all_items.txt	LTP493	NiclsCourierReadOnly	0	2	5	WATER_GUN	n/a	toy_store	-31.796875	55.6875
5623572	POINTER_ON	n/a	LTP493	NiclsCourierReadOnly	0	2	5	n/a	n/a	n/a	n/a	n/a
5627288	WORD	wordpools/all_items.txt	LTP493	NiclsCourierReadOnly	0	2	5	BANDAGES	n/a	pharmacy	26.5	17.0
5640922	POINTER_ON	n/a	LTP493	NiclsCourierReadOnly	0	2	5	n/a	n/a	n/a	n/a	n/a
5656805	WORD	wordpools/all_items.txt	LTP493	NiclsCourierReadOnly	0	2	5	BAGS	n/a	grocery_store	-60.0	-11.5
5670438	POINTER_ON	n/a	LTP493	NiclsCourierReadOnly	0	2	5	n/a	n/a	n/a	n/a	n/a
5683988	WORD	wordpools/all_items.txt	LTP493	NiclsCourierReadOnly	0	2	5	SCARF	n/a	clothing_store	35.09375	26.703125
5697605	POINTER_ON	n/a	LTP493	NiclsCourierReadOnly	0	2	5	n/a	n/a	n/a	n/a	n/a
5701038	WORD	wordpools/all_items.txt	LTP493	NiclsCourierReadOnly	0	2	5	POTS	n/a	florist	35.40625	-33.09375
5714655	POINTER_ON	n/a	LTP493	NiclsCourierReadOnly	0	2	5	n/a	n/a	n/a	n/a	n/a
5727222	WORD	wordpools/all_items.txt	LTP493	NiclsCourierReadOnly	0	2	5	CAPE	n/a	barber_shop	58.3125	27.90625
5740855	POINTER_ON	n/a	LTP493	NiclsCourierReadOnly	0	2	5	n/a	n/a	n/a	n/a	n/a
5751388	WORD	wordpools/all_items.txt	LTP493	NiclsCourierReadOnly	0	2	5	FLOUR	n/a	bakery	-3.099609375	-58.5
5762221	WORD	wordpools/all_items.txt	LTP493	NiclsCourierReadOnly	0	2	5	MEDICINE_BALL	n/a	gym	14.5	-33.6875
5775854	POINTER_ON	n/a	LTP493	NiclsCourierReadOnly	0	2	5	n/a	n/a	n/a	n/a	n/a
5787305	WORD	wordpools/all_items.txt	LTP493	NiclsCourierReadOnly	0	2	5	LUMBER	n/a	hardware_store	14.6015625	-58.8125
5793755	TRIAL_END	n/a	LTP493	NiclsCourierReadOnly	0	2	5	n/a	n/a	n/a	n/a	n/a
5804771	REC_START	n/a	LTP493	NiclsCourierReadOnly	0	2	5	n/a	n/a	n/a	n/a	n/a
5806052	REC_WORD	wordpools/all_items.txt	LTP493	NiclsCourierReadOnly	0	2	5	MEDICINE_BALL	129	gym	14.5	-33.6875
5807549	REC_WORD	wordpools/all_items.txt	LTP493	NiclsCourierReadOnly	0	2	5	LUMBER	127	hardware_store	14.6015625	-58.8125
5808598	REC_WORD	wordpools/all_items.txt	LTP493	NiclsCourierReadOnly	0	2	5	PLATINUM	161	jewelry_store	62.3125	-33.5
5809794	REC_WORD	wordpools/all_items.txt	LTP493	NiclsCourierReadOnly	0	2	5	STRAWS	203	cafe	36.6875	59.09375
5810976	REC_WORD	wordpools/all_items.txt	LTP493	NiclsCourierReadOnly	0	2	5	FLOUR	87	bakery	-3.099609375	-58.5
5813189	REC_WORD	wordpools/all_items.txt	LTP493	NiclsCourierReadOnly	0	2	5	HARMONICA	109	music_store	-9.1015625	17.90625
5816313	REC_WORD	wordpools/all_items.txt	LTP493	NiclsCourierReadOnly	0	2	5	TRACING_PAPER	223	craft_shop	-14.296875	-12.8984375
5826662	REC_WORD	wordpools/all_items.txt	LTP493	NiclsCourierReadOnly	0	2	5	POTS	163	florist	35.40625	-33.09375
5887154	REC_WORD	wordpools/all_items.txt	LTP493	NiclsCourierReadOnly	0	2	5	LUMBER	127	hardware_store	14.6015625	-58.8125
5889205	EFR_MARK	n/a	LTP493	NiclsCourierReadOnly	0	2	5	n/a	n/a	n/a	n/a	n/a
5894788	REC_STOP	n/a	LTP493	NiclsCourierReadOnly	0	2	5	n/a	n/a	n/a	n/a	n/a
5903172	CUED_REC_CUE	n/a	LTP493	NiclsCourierReadOnly	0	2	5	STRAWS	n/a	cafe	36.6875	59.09375
5904370	CUED_REC_WORD	wordpools/all_items.txt	LTP493	NiclsCourierReadOnly	0	2	5	STRAWS	203	n/a	n/a	n/a
5906038	CUED_REC_STOP	n/a	LTP493	NiclsCourierReadOnly	0	2	5	n/a	n/a	n/a	n/a	n/a
5907951	CUED_REC_CUE	n/a	LTP493	NiclsCourierReadOnly	0	2	5	FLOUR	n/a	bakery	-3.099609375	-58.5
5909358	CUED_REC_WORD	wordpools/all_items.txt	LTP493	NiclsCourierReadOnly	0	2	5	FLOUR	87	n/a	n/a	n/a
5910904	CUED_REC_STOP	n/a	LTP493	NiclsCourierReadOnly	0	2	5	n/a	n/a	n/a	n/a	n/a
5913072	CUED_REC_CUE	n/a	LTP493	NiclsCourierReadOnly	0	2	5	BANDAGES	n/a	pharmacy	26.5	17.0
5919071	CUED_REC_WORD_VV	wordpools/all_items.txt	LTP493	NiclsCourierReadOnly	0	2	5	<>	-1	n/a	n/a	n/a
5919071	CUED_REC_STOP	n/a	LTP493	NiclsCourierReadOnly	0	2	5	n/a	n/a	n/a	n/a	n/a
5921205	CUED_REC_CUE	n/a	LTP493	NiclsCourierReadOnly	0	2	5	WATER_GUN	n/a	toy_store	-31.796875	55.6875
5927204	CUED_REC_WORD_VV	wordpools/all_items.txt	LTP493	NiclsCourierReadOnly	0	2	5	<>	-1	n/a	n/a	n/a
5927204	CUED_REC_STOP	n/a	LTP493	NiclsCourierReadOnly	0	2	5	n/a	n/a	n/a	n/a	n/a
5929439	CUED_REC_CUE	n/a	LTP493	NiclsCourierReadOnly	0	2	5	HARMONICA	n/a	music_store	-9.1015625	17.90625
5930209	CUED_REC_WORD	wordpools/all_items.txt	LTP493	NiclsCourierReadOnly	0	2	5	HARMONICA	109	n/a	n/a	n/a
5931705	CUED_REC_STOP	n/a	LTP493	NiclsCourierReadOnly	0	2	5	n/a	n/a	n/a	n/a	n/a
5933739	CUED_REC_CUE	n/a	LTP493	NiclsCourierReadOnly	0	2	5	HAMSTER	n/a	pet_store	59.3125	-9.203125
5935798	CUED_REC_WORD	wordpools/all_items.txt	LTP493	NiclsCourierReadOnly	0	2	5	HAMSTER	105	n/a	n/a	n/a
5936871	CUED_REC_STOP	n/a	LTP493	NiclsCourierReadOnly	0	2	5	n/a	n/a	n/a	n/a	n/a
5938755	CUED_REC_CUE	n/a	LTP493	NiclsCourierReadOnly	0	2	5	CAPE	n/a	barber_shop	58.3125	27.90625
5942665	CUED_REC_WORD	wordpools/all_items.txt	LTP493	NiclsCourierReadOnly	0	2	5	CAPE	38	n/a	n/a	n/a
5943488	CUED_REC_STOP	n/a	LTP493	NiclsCourierReadOnly	0	2	5	n/a	n/a	n/a	n/a	n/a
5945372	CUED_REC_CUE	n/a	LTP493	NiclsCourierReadOnly	0	2	5	BAGS	n/a	grocery_store	-60.0	-11.5
5951371	CUED_REC_WORD_VV	wordpools/all_items.txt	LTP493	NiclsCourierReadOnly	0	2	5	<>	-1	n/a	n/a	n/a
5951371	CUED_REC_STOP	n/a	LTP493	NiclsCourierReadOnly	0	2	5	n/a	n/a	n/a	n/a	n/a
5953189	CUED_REC_CUE	n/a	LTP493	NiclsCourierReadOnly	0	2	5	TRACING_PAPER	n/a	craft_shop	-14.296875	-12.8984375
5955512	CUED_REC_WORD	wordpools/all_items.txt	LTP493	NiclsCourierReadOnly	0	2	5	TRACING_PAPER	223	n/a	n/a	n/a
5956838	CUED_REC_STOP	n/a	LTP493	NiclsCourierReadOnly	0	2	5	n/a	n/a	n/a	n/a	n/a
5958889	CUED_REC_CUE	n/a	LTP493	NiclsCourierReadOnly	0	2	5	LUMBER	n/a	hardware_store	14.6015625	-58.8125
5961390	CUED_REC_WORD	wordpools/all_items.txt	LTP493	NiclsCourierReadOnly	0	2	5	LUMBER	127	n/a	n/a	n/a
5962405	CUED_REC_STOP	n/a	LTP493	NiclsCourierReadOnly	0	2	5	n/a	n/a	n/a	n/a	n/a
5964205	CUED_REC_CUE	n/a	LTP493	NiclsCourierReadOnly	0	2	5	SCARF	n/a	clothing_store	35.09375	26.703125
5970204	CUED_REC_WORD_VV	wordpools/all_items.txt	LTP493	NiclsCourierReadOnly	0	2	5	<>	-1	n/a	n/a	n/a
5970204	CUED_REC_STOP	n/a	LTP493	NiclsCourierReadOnly	0	2	5	n/a	n/a	n/a	n/a	n/a
5972022	CUED_REC_CUE	n/a	LTP493	NiclsCourierReadOnly	0	2	5	MEDICINE_BALL	n/a	gym	14.5	-33.6875
5974363	CUED_REC_WORD	wordpools/all_items.txt	LTP493	NiclsCourierReadOnly	0	2	5	MEDICINE_BALL	129	n/a	n/a	n/a
5975938	CUED_REC_STOP	n/a	LTP493	NiclsCourierReadOnly	0	2	5	n/a	n/a	n/a	n/a	n/a
5977922	CUED_REC_CUE	n/a	LTP493	NiclsCourierReadOnly	0	2	5	POTS	n/a	florist	35.40625	-33.09375
5979543	CUED_REC_WORD	wordpools/all_items.txt	LTP493	NiclsCourierReadOnly	0	2	5	POTS	163	n/a	n/a	n/a
5980487	CUED_REC_STOP	n/a	LTP493	NiclsCourierReadOnly	0	2	5	n/a	n/a	n/a	n/a	n/a
5982572	CUED_REC_CUE	n/a	LTP493	NiclsCourierReadOnly	0	2	5	LOCKS	n/a	bike_shop	32.1875	-60.90625
5988588	CUED_REC_WORD_VV	wordpools/all_items.txt	LTP493	NiclsCourierReadOnly	0	2	5	<>	-1	n/a	n/a	n/a
5988588	CUED_REC_STOP	n/a	LTP493	NiclsCourierReadOnly	0	2	5	n/a	n/a	n/a	n/a	n/a
5990706	CUED_REC_CUE	n/a	LTP493	NiclsCourierReadOnly	0	2	5	PLATINUM	n/a	jewelry_store	62.3125	-33.5
5992374	CUED_REC_WORD	wordpools/all_items.txt	LTP493	NiclsCourierReadOnly	0	2	5	PLATINUM	161	n/a	n/a	n/a
5993821	CUED_REC_STOP	n/a	LTP493	NiclsCourierReadOnly	0	2	5	n/a	n/a	n/a	n/a	n/a
5996071	TRIAL_START	n/a	LTP493	NiclsCourierReadOnly	0	2	6	n/a	n/a	n/a	n/a	n/a
6001243	WORD	wordpools/all_items.txt	LTP493	NiclsCourierReadOnly	0	2	6	SPATULA	n/a	pizzeria	-39.0	-61.90625
6014871	POINTER_ON	n/a	LTP493	NiclsCourierReadOnly	0	2	6	n/a	n/a	n/a	n/a	n/a
6024005	WORD	wordpools/all_items.txt	LTP493	NiclsCourierReadOnly	0	2	6	TURTLE	n/a	pet_store	59.3125	-9.203125
6037639	POINTER_ON	n/a	LTP493	NiclsCourierReadOnly	0	2	6	n/a	n/a	n/a	n/a	n/a
6040472	WORD	wordpools/all_items.txt	LTP493	NiclsCourierReadOnly	0	2	6	SPEAKERS	n/a	music_store	-9.1015625	17.90625
6054088	POINTER_ON	n/a	LTP493	NiclsCourierReadOnly	0	2	6	n/a	n/a	n/a	n/a	n/a
6070471	WORD	wordpools/all_items.txt	LTP493	NiclsCourierReadOnly	0	2	6	CHAIN	n/a	bike_shop	32.1875	-60.90625
6084088	POINTER_ON	n/a	LTP493	NiclsCourierReadOnly	0	2	6	n/a	n/a	n/a	n/a	n/a
6088755	WORD	wordpools/all_items.txt	LTP493	NiclsCourierReadOnly	0	2	6	OINTMENT	n/a	pharmacy	26.5	17.0
6102388	POINTER_ON	n/a	LTP493	NiclsCourierReadOnly	0	2	6	n/a	n/a	n/a	n/a	n/a
6113638	WORD	wordpools/all_items.txt	LTP493	NiclsCourierReadOnly	0	2	6	BEANS	n/a	grocery_store	-60.0	-11.5
6125372	WORD	wordpools/all_items.txt	LTP493	NiclsCourierReadOnly	0	2	6	ROPE	n/a	gym	14.5	-33.6875
6136055	WORD	wordpools/all_items.txt	LTP493	NiclsCourierReadOnly	0	2	6	PLIERS	n/a	hardware_store	14.6015625	-58.8125
6149688	POINTER_ON	n/a	LTP493	NiclsCourierReadOnly	0	2	6	n/a	n/a	n/a	n/a	n/a
6158121	WORD	wordpools/all_items.txt	LTP493	NiclsCourierReadOnly	0	2	6	NAPKINS	n/a	cafe	36.6875	59.09375
6171755	POINTER_ON	n/a	LTP493	NiclsCourierReadOnly	0	2	6	n/a	n/a	n/a	n/a	n/a
6174139	WORD	wordpools/all_items.txt	LTP493	NiclsCourierReadOnly	0	2	6	ROSES	n/a	florist	35.40625	-33.09375
6187038	WORD	wordpools/all_items.txt	LTP493	NiclsCourierReadOnly	0	2	6	STICKERS	n/a	craft_shop	-14.296875	-12.8984375
6200655	POINTER_ON	n/a	LTP493	NiclsCourierReadOnly	0	2	6	n/a	n/a	n/a	n/a	n/a
6218921	WORD	wordpools/all_items.txt	LTP493	NiclsCourierReadOnly	0	2	6	MOUTHWASH	n/a	dentist	-29.59375	-37.1875
6225388	WORD	wordpools/all_items.txt	LTP493	NiclsCourierReadOnly	0	2	6	APRON	n/a	bakery	-3.099609375	-58.5
6239021	POINTER_ON	n/a	LTP493	NiclsCourierReadOnly	0	2	6	n/a	n/a	n/a	n/a	n/a
6249338	WORD	wordpools/all_items.txt	LTP493	NiclsCourierReadOnly	0	2	6	LEGOS	n/a	toy_store	-31.796875	55.6875
6262971	POINTER_ON	n/a	LTP493	NiclsCourierReadOnly	0	2	6	n/a	n/a	n/a	n/a	n/a
6265605	WORD	wordpools/all_items.txt	LTP493	NiclsCourierReadOnly	0	2	6	HAIR_STRAIGHTENER	n/a	barber_shop	58.3125	27.90625
6271838	TRIAL_END	n/a	LTP493	NiclsCourierReadOnly	0	2	6	n/a	n/a	n/a	n/a	n/a
6282855	REC_START	n/a	LTP493	NiclsCourierReadOnly	0	2	6	n/a	n/a	n/a	n/a	n/a
6283930	REC_WORD	wordpools/all_items.txt	LTP493	NiclsCourierReadOnly	0	2	6	HAIR_STRAIGHTENER	101	barber_shop	58.3125	27.90625
6285721	REC_WORD	wordpools/all_items.txt	LTP493	NiclsCourierReadOnly	0	2	6	LEGOS	120	toy_store	-31.796875	55.6875
6290708	REC_WORD	wordpools/all_items.txt	LTP493	NiclsCourierReadOnly	0	2	6	ROSES	179	florist	35.40625	-33.09375
6301038	REC_WORD	wordpools/all_items.txt	LTP493	NiclsCourierReadOnly	0	2	6	CHAIN	42	bike_shop	32.1875	-60.90625
6307995	REC_WORD	wordpools/all_items.txt	LTP493	NiclsCourierReadOnly	0	2	6	NAILS	139	hardware_store	14.6015625	-58.8125
6309405	EFR_MARK	n/a	LTP493	NiclsCourierReadOnly	0	2	6	n/a	n/a	n/a	n/a	n/a
6318220	REC_WORD	wordpools/all_items.txt	LTP493	NiclsCourierReadOnly	0	2	6	NAPKINS	140	cafe	36.6875	59.09375
6372871	REC_STOP	n/a	LTP493	NiclsCourierReadOnly	0	2	6	n/a	n/a	n/a	n/a	n/a
6381706	CUED_REC_CUE	n/a	LTP493	NiclsCourierReadOnly	0	2	6	OINTMENT	n/a	pharmacy	26.5	17.0
6387721	CUED_REC_WORD_VV	wordpools/all_items.txt	LTP493	NiclsCourierReadOnly	0	2	6	<>	-1	n/a	n/a	n/a
6387721	CUED_REC_STOP	n/a	LTP493	NiclsCourierReadOnly	0	2	6	n/a	n/a	n/a	n/a	n/a
6389955	CUED_REC_CUE	n/a	LTP493	NiclsCourierReadOnly	0	2	6	CHAIN	n/a	bike_shop	32.1875	-60.90625
6391275	CUED_REC_WORD	wordpools/all_items.txt	LTP493	NiclsCourierReadOnly	0	2	6	CHAIN	42	n/a	n/a	n/a
6392604	CUED_REC_STOP	n/a	LTP493	NiclsCourierReadOnly	0	2	6	n/a	n/a	n/a	n/a	n/a
6394673	CUED_REC_CUE	n/a	LTP493	NiclsCourierReadOnly	0	2	6	APRON	n/a	bakery	-3.099609375	-58.5
6397159	CUED_REC_WORD	wordpools/all_items.txt	LTP493	NiclsCourierReadOnly	0	2	6	NAPKINS	140	n/a	n/a	n/a
6399554	CUED_REC_STOP	n/a	LTP493	NiclsCourierReadOnly	0	2	6	n/a	n/a	n/a	n/a	n/a
6401489	CUED_REC_CUE	n/a	LTP493	NiclsCourierReadOnly	0	2	6	LEGOS	n/a	toy_store	-31.796875	55.6875
6407488	CUED_REC_WORD_VV	wordpools/all_items.txt	LTP493	NiclsCourierReadOnly	0	2	6	<>	-1	n/a	n/a	n/a
6407488	CUED_REC_STOP	n/a	LTP493	NiclsCourierReadOnly	0	2	6	n/a	n/a	n/a	n/a	n/a
6409589	CUED_REC_CUE	n/a	LTP493	NiclsCourierReadOnly	0	2	6	BEANS	n/a	grocery_store	-60.0	-11.5
6415605	CUED_REC_WORD_VV	wordpools/all_items.txt	LTP493	NiclsCourierReadOnly	0	2	6	<>	-1	n/a	n/a	n/a
6415605	CUED_REC_STOP	n/a	LTP493	NiclsCourierReadOnly	0	2	6	n/a	n/a	n/a	n/a	n/a
6417455	CUED_REC_CUE	n/a	LTP493	NiclsCourierReadOnly	0	2	6	ROSES	n/a	florist	35.40625	-33.09375
6418860	CUED_REC_WORD	wordpools/all_items.txt	LTP493	NiclsCourierReadOnly	0	2	6	ROSES	179	n/a	n/a	n/a
6420471	CUED_REC_STOP	n/a	LTP493	NiclsCourierReadOnly	0	2	6	n/a	n/a	n/a	n/a	n/a
6422456	CUED_REC_CUE	n/a	LTP493	NiclsCourierReadOnly	0	2	6	TURTLE	n/a	pet_store	59.3125	-9.203125
6428471	CUED_REC_STOP	n/a	LTP493	NiclsCourierReadOnly	0	2	6	n/a	n/a	n/a	n/a	n/a
6428472	CUED_REC_WORD_VV	wordpools/all_items.txt	LTP493	NiclsCourierReadOnly	0	2	6	<>	-1	n/a	n/a	n/a
6430539	CUED_REC_CUE	n/a	LTP493	NiclsCourierReadOnly	0	2	6	SPATULA	n/a	pizzeria	-39.0	-61.90625
6433868	CUED_REC_WORD	wordpools/all_items.txt	LTP493	NiclsCourierReadOnly	0	2	6	SPATULA	199	n/a	n/a	n/a
6435221	CUED_REC_STOP	n/a	LTP493	NiclsCourierReadOnly	0	2	6	n/a	n/a	n/a	n/a	n/a
6437256	CUED_REC_CUE	n/a	LTP493	NiclsCourierReadOnly	0	2	6	NAPKINS	n/a	cafe	36.6875	59.09375
6443271	CUED_REC_WORD_VV	wordpools/all_items.txt	LTP493	NiclsCourierReadOnly	0	2	6	<>	-1	n/a	n/a	n/a
6443271	CUED_REC_STOP	n/a	LTP493	NiclsCourierReadOnly	0	2	6	n/a	n/a	n/a	n/a	n/a
6445139	CUED_REC_CUE	n/a	LTP493	NiclsCourierReadOnly	0	2	6	SPEAKERS	n/a	music_store	-9.1015625	17.90625
6448099	CUED_REC_WORD	wordpools/all_items.txt	LTP493	NiclsCourierReadOnly	0	2	6	GUITAR	97	n/a	n/a	n/a
6449371	CUED_REC_STOP	n/a	LTP493	NiclsCourierReadOnly	0	2	6	n/a	n/a	n/a	n/a	n/a
6451305	CUED_REC_CUE	n/a	LTP493	NiclsCourierReadOnly	0	2	6	PLIERS	n/a	hardware_store	14.6015625	-58.8125
6457304	CUED_REC_WORD_VV	wordpools/all_items.txt	LTP493	NiclsCourierReadOnly	0	2	6	<>	-1	n/a	n/a	n/a
6457304	CUED_REC_STOP	n/a	LTP493	NiclsCourierReadOnly	0	2	6	n/a	n/a	n/a	n/a	n/a
6459255	CUED_REC_CUE	n/a	LTP493	NiclsCourierReadOnly	0	2	6	HAIR_STRAIGHTENER	n/a	barber_shop	58.3125	27.90625
6463312	CUED_REC_WORD	wordpools/all_items.txt	LTP493	NiclsCourierReadOnly	0	2	6	HAIR_STRAIGHTENER	101	n/a	n/a	n/a
6464471	CUED_REC_STOP	n/a	LTP493	NiclsCourierReadOnly	0	2	6	n/a	n/a	n/a	n/a	n/a
6466639	CUED_REC_CUE	n/a	LTP493	NiclsCourierReadOnly	0	2	6	ROPE	n/a	gym	14.5	-33.6875
6472638	CUED_REC_STOP	n/a	LTP493	NiclsCourierReadOnly	0	2	6	n/a	n/a	n/a	n/a	n/a
6472638	CUED_REC_WORD_VV	wordpools/all_items.txt	LTP493	NiclsCourierReadOnly	0	2	6	<>	-1	n/a	n/a	n/a
6474590	CUED_REC_CUE	n/a	LTP493	NiclsCourierReadOnly	0	2	6	MOUTHWASH	n/a	dentist	-29.59375	-37.1875
6479721	CUED_REC_STOP	n/a	LTP493	NiclsCourierReadOnly	0	2	6	n/a	n/a	n/a	n/a	n/a
6479722	CUED_REC_WORD_VV	wordpools/all_items.txt	LTP493	NiclsCourierReadOnly	0	2	6	<>	-1	n/a	n/a	n/a
6481705	CUED_REC_CUE	n/a	LTP493	NiclsCourierReadOnly	0	2	6	STICKERS	n/a	craft_shop	-14.296875	-12.8984375
6487705	CUED_REC_WORD_VV	wordpools/all_items.txt	LTP493	NiclsCourierReadOnly	0	2	6	<>	-1	n/a	n/a	n/a
6487705	CUED_REC_STOP	n/a	LTP493	NiclsCourierReadOnly	0	2	6	n/a	n/a	n/a	n/a	n/a
6492750	FFR_START	n/a	LTP493	NiclsCourierReadOnly	0	2	6	n/a	n/a	n/a	n/a	n/a
6493488	FFR_REC_WORD	wordpools/all_items.txt	LTP493	NiclsCourierReadOnly	0	2	n/a	HAIR_STRAIGHTENER	101	barber_shop	58.3125	27.90625
6494443	FFR_REC_WORD	wordpools/all_items.txt	LTP493	NiclsCourierReadOnly	0	2	n/a	EGGS	77	grocery_store	-60.0	-11.5
6495157	FFR_REC_WORD	wordpools/all_items.txt	LTP493	NiclsCourierReadOnly	0	2	n/a	OREGANO	149	pizzeria	-39.0	-61.90625
6496462	FFR_REC_WORD	wordpools/all_items.txt	LTP493	NiclsCourierReadOnly	0	2	n/a	CURLING_IRON	63	barber_shop	58.3125	27.90625
6496667	FFR_REC_WORD	wordpools/all_items.txt	LTP493	NiclsCourierReadOnly	0	2	n/a	SHORTS	193	n/a	n/a	n/a
6497497	FFR_REC_WORD	wordpools/all_items.txt	LTP493	NiclsCourierReadOnly	0	2	n/a	BLOW_DRYER	22	barber_shop	58.3125	27.90625
6497685	FFR_REC_WORD	wordpools/all_items.txt	LTP493	NiclsCourierReadOnly	0	2	n/a	SWEATSHIRT	209	n/a	n/a	n/a
6500866	FFR_REC_WORD	wordpools/all_items.txt	LTP493	NiclsCourierReadOnly	0	2	n/a	ROSES	179	florist	35.40625	-33.09375
6502155	FFR_REC_WORD	wordpools/all_items.txt	LTP493	NiclsCourierReadOnly	0	2	n/a	DAFFODILS	64	florist	35.40625	-33.09375
6504595	FFR_REC_WORD	wordpools/all_items.txt	LTP493	NiclsCourierReadOnly	0	2	n/a	POTS	163	florist	35.40625	-33.09375
6505265	FFR_REC_WORD	wordpools/all_items.txt	LTP493	NiclsCourierReadOnly	0	2	n/a	FERTILIZER	83	florist	35.40625	-33.09375
6506885	FFR_REC_WORD	wordpools/all_items.txt	LTP493	NiclsCourierReadOnly	0	2	n/a	MUSHROOMS	137	n/a	n/a	n/a
6508415	FFR_REC_WORD	wordpools/all_items.txt	LTP493	NiclsCourierReadOnly	0	2	n/a	FLOOR_MAT	85	gym	14.5	-33.6875
6508728	FFR_REC_WORD	wordpools/all_items.txt	LTP493	NiclsCourierReadOnly	0	2	n/a	PLATINUM	161	jewelry_store	62.3125	-33.5
6509455	FFR_REC_WORD	wordpools/all_items.txt	LTP493	NiclsCourierReadOnly	0	2	n/a	GOLD	94	jewelry_store	62.3125	-33.5
6510255	FFR_REC_WORD	wordpools/all_items.txt	LTP493	NiclsCourierReadOnly	0	2	n/a	EARRINGS	76	jewelry_store	62.3125	-33.5
6511134	FFR_REC_WORD	wordpools/all_items.txt	LTP493	NiclsCourierReadOnly	0	2	n/a	RINGS	176	jewelry_store	62.3125	-33.5
6514520	FFR_REC_WORD	wordpools/all_items.txt	LTP493	NiclsCourierReadOnly	0	2	n/a	WRENCH	234	hardware_store	14.6015625	-58.8125
6514640	FFR_REC_WORD	wordpools/all_items.txt	LTP493	NiclsCourierReadOnly	0	2	n/a	COMB	52	barber_shop	58.3125	27.90625
6518242	FFR_REC_WORD	wordpools/all_items.txt	LTP493	NiclsCourierReadOnly	0	2	n/a	DIAMOND	68	jewelry_store	62.3125	-33.5
6519033	FFR_REC_WORD	wordpools/all_items.txt	LTP493	NiclsCourierReadOnly	0	2	n/a	AMETHYST	4	jewelry_store	62.3125	-33.5
6519638	EFR_MARK	n/a	LTP493	NiclsCourierReadOnly	0	2	6	n/a	n/a	n/a	n/a	n/a
6520008	FFR_REC_WORD	wordpools/all_items.txt	LTP493	NiclsCourierReadOnly	0	2	n/a	BRACELET	28	n/a	n/a	n/a
6520889	FFR_REC_WORD	wordpools/all_items.txt	LTP493	NiclsCourierReadOnly	0	2	n/a	NECKLACE	141	n/a	n/a	n/a
6521969	FFR_REC_WORD	wordpools/all_items.txt	LTP493	NiclsCourierReadOnly	0	2	n/a	CHAIN	42	bike_shop	32.1875	-60.90625
6522627	FFR_REC_WORD	wordpools/all_items.txt	LTP493	NiclsCourierReadOnly	0	2	n/a	LUMBER	127	hardware_store	14.6015625	-58.8125
6524792	FFR_REC_WORD	wordpools/all_items.txt	LTP493	NiclsCourierReadOnly	0	2	n/a	DRILL	72	n/a	n/a	n/a
6525612	FFR_REC_WORD	wordpools/all_items.txt	LTP493	NiclsCourierReadOnly	0	2	n/a	NAILS	139	hardware_store	14.6015625	-58.8125
6525815	FFR_REC_WORD	wordpools/all_items.txt	LTP493	NiclsCourierReadOnly	0	2	n/a	MICE	131	pet_store	59.3125	-9.203125
6526892	FFR_REC_WORD	wordpools/all_items.txt	LTP493	NiclsCourierReadOnly	0	2	n/a	CAT	39	n/a	n/a	n/a
6527946	FFR_REC_WORD	wordpools/all_items.txt	LTP493	NiclsCourierReadOnly	0	2	n/a	PURSE	168	clothing_store	35.09375	26.703125
6527969	FFR_REC_WORD	wordpools/all_items.txt	LTP493	NiclsCourierReadOnly	0	2	n/a	CHEW_TOY	45	pet_store	59.3125	-9.203125
6528747	FFR_REC_WORD	wordpools/all_items.txt	LTP493	NiclsCourierReadOnly	0	2	n/a	JACKET	114	clothing_store	35.09375	26.703125
6534143	FFR_REC_WORD	wordpools/all_items.txt	LTP493	NiclsCourierReadOnly	0	2	n/a	WATER_GUN	232	toy_store	-31.796875	55.6875
6539454	FFR_REC_WORD	wordpools/all_items.txt	LTP493	NiclsCourierReadOnly	0	2	n/a	NAPKINS	140	cafe	36.6875	59.09375
6539900	FFR_REC_WORD	wordpools/all_items.txt	LTP493	NiclsCourierReadOnly	0	2	n/a	FLOOR_MAT	85	gym	14.5	-33.6875
6540900	FFR_REC_WORD	wordpools/all_items.txt	LTP493	NiclsCourierReadOnly	0	2	n/a	FLOOR_MAT	85	gym	14.5	-33.6875
6541663	FFR_REC_WORD	wordpools/all_items.txt	LTP493	NiclsCourierReadOnly	0	2	n/a	STRAWS	203	cafe	36.6875	59.09375
6543073	FFR_REC_WORD	wordpools/all_items.txt	LTP493	NiclsCourierReadOnly	0	2	n/a	FLOUR	87	bakery	-3.099609375	-58.5
6543222	FFR_REC_WORD	wordpools/all_items.txt	LTP493	NiclsCourierReadOnly	0	2	n/a	BOXING_GLOVES	27	n/a	n/a	n/a
6544222	FFR_REC_WORD	wordpools/all_items.txt	LTP493	NiclsCourierReadOnly	0	2	n/a	BOXING_GLOVES	27	n/a	n/a	n/a
6546236	FFR_REC_WORD	wordpools/all_items.txt	LTP493	NiclsCourierReadOnly	0	2	n/a	TOMATO_SAUCE	219	pizzeria	-39.0	-61.90625
6547516	FFR_REC_WORD	wordpools/all_items.txt	LTP493	NiclsCourierReadOnly	0	2	n/a	SPATULA	199	pizzeria	-39.0	-61.90625
6548377	FFR_REC_WORD	wordpools/all_items.txt	LTP493	NiclsCourierReadOnly	0	2	n/a	PASTRIES	153	n/a	n/a	n/a
6551529	FFR_REC_WORD	wordpools/all_items.txt	LTP493	NiclsCourierReadOnly	0	2	n/a	SCONES	187	cafe	36.6875	59.09375
6553442	FFR_REC_WORD	wordpools/all_items.txt	LTP493	NiclsCourierReadOnly	0	2	n/a	COOKIES	57	bakery	-3.099609375	-58.5
6560743	FFR_REC_WORD	wordpools/all_items.txt	LTP493	NiclsCourierReadOnly	0	2	n/a	LEGOS	120	toy_store	-31.796875	55.6875
6562162	FFR_REC_WORD	wordpools/all_items.txt	LTP493	NiclsCourierReadOnly	0	2	n/a	KARAOKE_MACHINE	117	toy_store	-31.796875	55.6875
6562287	FFR_REC_WORD	wordpools/all_items.txt	LTP493	NiclsCourierReadOnly	0	2	n/a	EAR_PLUGS	75	pharmacy	26.5	17.0
6563223	FFR_REC_WORD	wordpools/all_items.txt	LTP493	NiclsCourierReadOnly	0	2	n/a	COUGH_SYRUP	59	n/a	n/a	n/a
6564221	FFR_REC_WORD	wordpools/all_items.txt	LTP493	NiclsCourierReadOnly	0	2	n/a	NOSE_SPRAY	143	n/a	n/a	n/a
6570019	FFR_REC_WORD	wordpools/all_items.txt	LTP493	NiclsCourierReadOnly	0	2	n/a	AMPLIFIER	5	music_store	-9.1015625	17.90625
6570698	FFR_REC_WORD	wordpools/all_items.txt	LTP493	NiclsCourierReadOnly	0	2	n/a	HAMSTER	105	pet_store	59.3125	-9.203125
6570955	FFR_REC_WORD	wordpools/all_items.txt	LTP493	NiclsCourierReadOnly	0	2	n/a	GUITAR_STRINGS	98	n/a	n/a	n/a
6572342	FFR_REC_WORD	wordpools/all_items.txt	LTP493	NiclsCourierReadOnly	0	2	n/a	LEASH	119	pet_store	59.3125	-9.203125
6573455	FFR_REC_WORD	wordpools/all_items.txt	LTP493	NiclsCourierReadOnly	0	2	n/a	YARN	237	craft_shop	-14.296875	-12.8984375
6577197	FFR_REC_WORD	wordpools/all_items.txt	LTP493	NiclsCourierReadOnly	0	2	n/a	CONFETTI	-1	n/a	n/a	n/a
6577681	FFR_REC_WORD	wordpools/all_items.txt	LTP493	NiclsCourierReadOnly	0	2	n/a	HARMONICA	109	music_store	-9.1015625	17.90625
6578053	FFR_REC_WORD	wordpools/all_items.txt	LTP493	NiclsCourierReadOnly	0	2	n/a	GLUE	93	craft_shop	-14.296875	-12.8984375
6578542	FFR_REC_WORD	wordpools/all_items.txt	LTP493	NiclsCourierReadOnly	0	2	n/a	GUITAR	97	music_store	-9.1015625	17.90625
6580825	FFR_REC_WORD	wordpools/all_items.txt	LTP493	NiclsCourierReadOnly	0	2	n/a	AMPLIFIER	5	music_store	-9.1015625	17.90625
6585239	EFR_MARK	n/a	LTP493	NiclsCourierReadOnly	0	2	6	n/a	n/a	n/a	n/a	n/a
6592554	FFR_REC_WORD	wordpools/all_items.txt	LTP493	NiclsCourierReadOnly	0	2	n/a	SHAMPOO	191	barber_shop	58.3125	27.90625
6593000	FFR_REC_WORD	wordpools/all_items.txt	LTP493	NiclsCourierReadOnly	0	2	n/a	TRACING_PAPER	223	craft_shop	-14.296875	-12.8984375
6597921	FFR_REC_WORD	wordpools/all_items.txt	LTP493	NiclsCourierReadOnly	0	2	n/a	MEDICINE_BALL	129	gym	14.5	-33.6875
6598979	FFR_REC_WORD	wordpools/all_items.txt	LTP493	NiclsCourierReadOnly	0	2	n/a	FLOOR_MAT	85	gym	14.5	-33.6875
6600377	FFR_REC_WORD	wordpools/all_items.txt	LTP493	NiclsCourierReadOnly	0	2	n/a	HAND_SANITIZER	106	gym	14.5	-33.6875
6605362	FFR_REC_WORD	wordpools/all_items.txt	LTP493	NiclsCourierReadOnly	0	2	n/a	EYE_DROPS	80	pharmacy	26.5	17.0
6608416	FFR_REC_WORD	wordpools/all_items.txt	LTP493	NiclsCourierReadOnly	0	2	n/a	Q-TIPS	169	pharmacy	26.5	17.0
6612738	FFR_STOP	n/a	LTP493	NiclsCourierReadOnly	0	2	6	n/a	n/a	n/a	n/a	n/a
6613553	SESS_END	n/a	LTP493	NiclsCourierReadOnly	0	2	6	n/a	n/a	n/a	n/a	n/a
