onset	duration	trial_type	sample	stim_file	subject	experiment	session	phase	trial	item	itemno	store	storeX	storeZ
159.50244140625	n/a	STORE_MAPPINGS	326661	n/a	LTP454	NiclsCourierReadOnly	0	1	0	n/a	n/a	n/a	n/a	n/a
163.08642578125	n/a	TL_START	334001	n/a	LTP454	NiclsCourierReadOnly	0	1	0	n/a	n/a	n/a	n/a	n/a
462.828125	n/a	TL_END	947872	n/a	LTP454	NiclsCourierReadOnly	0	1	0	n/a	n/a	n/a	n/a	n/a
468.9765625	n/a	TL_START	960464	n/a	LTP454	NiclsCourierReadOnly	0	1	0	n/a	n/a	n/a	n/a	n/a
501.57373046875	n/a	POINTER_ON	1027223	n/a	LTP454	NiclsCourierReadOnly	0	1	0	n/a	n/a	n/a	n/a	n/a
671.5107421875	n/a	TL_END	1375254	n/a	LTP454	NiclsCourierReadOnly	0	1	0	n/a	n/a	n/a	n/a	n/a
737.31005859375	n/a	PRACTICE_DELIVERY_START	1510011	n/a	LTP454	NiclsCourierReadOnly	0	practice	0	n/a	n/a	n/a	n/a	n/a
749.31982421875	n/a	POINTER_ON	1534607	n/a	LTP454	NiclsCourierReadOnly	0	practice	0	n/a	n/a	n/a	n/a	n/a
753.40283203125	n/a	PRACTICE_WORD	1542969	wordpools/all_items.txt	LTP454	NiclsCourierReadOnly	0	practice	0	CONFETTI	n/a	craft_shop	-29.59375	-37.1875
772.90087890625	n/a	PRACTICE_WORD	1582901	wordpools/all_items.txt	LTP454	NiclsCourierReadOnly	0	practice	0	RECORDER	n/a	music_store	14.5	-33.6875
791.78271484375	n/a	PRACTICE_WORD	1621571	wordpools/all_items.txt	LTP454	NiclsCourierReadOnly	0	practice	0	MOUTHWASH	n/a	dentist	-31.796875	55.6875
803.015625	n/a	PRACTICE_DELIVERY_END	1644576	n/a	LTP454	NiclsCourierReadOnly	0	practice	0	n/a	n/a	n/a	n/a	n/a
804.015625	n/a	REC_START	1646624	n/a	LTP454	NiclsCourierReadOnly	0	practice	0	n/a	n/a	n/a	n/a	n/a
829.04638671875	n/a	REC_STOP	1697887	n/a	LTP454	NiclsCourierReadOnly	0	practice	0	n/a	n/a	n/a	n/a	n/a
836.96484375	n/a	CUED_REC_CUE	1714104	n/a	LTP454	NiclsCourierReadOnly	0	practice	0	CONFETTI	n/a	craft_shop	-29.59375	-37.1875
839.5693359375	n/a	CUED_REC_WORD	1719438	wordpools/all_items.txt	LTP454	NiclsCourierReadOnly	0	practice	0	PASTELS	152	n/a	n/a	n/a
841.67822265625	n/a	CUED_REC_STOP	1723757	n/a	LTP454	NiclsCourierReadOnly	0	practice	0	n/a	n/a	n/a	n/a	n/a
843.54638671875	n/a	CUED_REC_CUE	1727583	n/a	LTP454	NiclsCourierReadOnly	0	practice	0	RECORDER	n/a	music_store	14.5	-33.6875
846.1611328125	n/a	CUED_REC_STOP	1732938	n/a	LTP454	NiclsCourierReadOnly	0	practice	0	n/a	n/a	n/a	n/a	n/a
847.3037109375	n/a	CUED_REC_WORD	1735278	wordpools/all_items.txt	LTP454	NiclsCourierReadOnly	0	practice	0	RECORDS	172	n/a	n/a	n/a
847.97998046875	n/a	CUED_REC_CUE	1736663	n/a	LTP454	NiclsCourierReadOnly	0	practice	0	MOUTHWASH	n/a	dentist	-31.796875	55.6875
850.2744140625	n/a	CUED_REC_WORD	1741362	wordpools/all_items.txt	LTP454	NiclsCourierReadOnly	0	practice	0	MOUTHWASH	134	n/a	n/a	n/a
850.71142578125	n/a	CUED_REC_STOP	1742257	n/a	LTP454	NiclsCourierReadOnly	0	practice	0	n/a	n/a	n/a	n/a	n/a
1068.2763671875	n/a	PRACTICE_DELIVERY_START	2187830	n/a	LTP454	NiclsCourierReadOnly	0	practice	0	n/a	n/a	n/a	n/a	n/a
1076.142578125	n/a	PRACTICE_WORD	2203940	wordpools/all_items.txt	LTP454	NiclsCourierReadOnly	0	practice	1	PASTELS	n/a	craft_shop	-29.59375	-37.1875
1092.2412109375	n/a	PRACTICE_WORD	2236910	wordpools/all_items.txt	LTP454	NiclsCourierReadOnly	0	practice	1	VITAMINS	n/a	pharmacy	58.3125	27.90625
1116.0224609375	n/a	PRACTICE_WORD	2285614	wordpools/all_items.txt	LTP454	NiclsCourierReadOnly	0	practice	1	PLATINUM	n/a	jewelry_store	35.40625	-33.09375
1138.9375	n/a	PRACTICE_DELIVERY_END	2332544	n/a	LTP454	NiclsCourierReadOnly	0	practice	1	n/a	n/a	n/a	n/a	n/a
1149.95361328125	n/a	REC_START	2355105	n/a	LTP454	NiclsCourierReadOnly	0	practice	1	n/a	n/a	n/a	n/a	n/a
1180.73388671875	n/a	EFR_MARK	2418143	n/a	LTP454	NiclsCourierReadOnly	0	practice	1	n/a	n/a	n/a	n/a	n/a
1183.1494140625	n/a	EFR_MARK	2423090	n/a	LTP454	NiclsCourierReadOnly	0	practice	1	n/a	n/a	n/a	n/a	n/a
1185.28369140625	n/a	EFR_MARK	2427461	n/a	LTP454	NiclsCourierReadOnly	0	practice	1	n/a	n/a	n/a	n/a	n/a
1197.865234375	n/a	EFR_MARK	2453228	n/a	LTP454	NiclsCourierReadOnly	0	practice	1	n/a	n/a	n/a	n/a	n/a
1199.29833984375	n/a	EFR_MARK	2456163	n/a	LTP454	NiclsCourierReadOnly	0	practice	1	n/a	n/a	n/a	n/a	n/a
1203.298828125	n/a	REC_STOP	2464356	n/a	LTP454	NiclsCourierReadOnly	0	practice	1	n/a	n/a	n/a	n/a	n/a
1211.5322265625	n/a	CUED_REC_CUE	2481218	n/a	LTP454	NiclsCourierReadOnly	0	practice	1	PASTELS	n/a	craft_shop	-29.59375	-37.1875
1217.53076171875	n/a	CUED_REC_STOP	2493503	n/a	LTP454	NiclsCourierReadOnly	0	practice	1	n/a	n/a	n/a	n/a	n/a
1217.5478515625	n/a	CUED_REC_WORD_VV	2493538	wordpools/all_items.txt	LTP454	NiclsCourierReadOnly	0	practice	1	<>	-1	n/a	n/a	n/a
1219.4814453125	n/a	CUED_REC_CUE	2497498	n/a	LTP454	NiclsCourierReadOnly	0	practice	1	PLATINUM	n/a	jewelry_store	35.40625	-33.09375
1222.23046875	n/a	CUED_REC_STOP	2503128	n/a	LTP454	NiclsCourierReadOnly	0	practice	1	n/a	n/a	n/a	n/a	n/a
1223.3251953125	n/a	CUED_REC_WORD	2505370	wordpools/all_items.txt	LTP454	NiclsCourierReadOnly	0	practice	1	EARRINGS	76	n/a	n/a	n/a
1224.2470703125	n/a	CUED_REC_CUE	2507258	n/a	LTP454	NiclsCourierReadOnly	0	practice	1	VITAMINS	n/a	pharmacy	58.3125	27.90625
1226.77978515625	n/a	CUED_REC_STOP	2512445	n/a	LTP454	NiclsCourierReadOnly	0	practice	1	n/a	n/a	n/a	n/a	n/a
1228.94775390625	n/a	CUED_REC_WORD	2516885	wordpools/all_items.txt	LTP454	NiclsCourierReadOnly	0	practice	1	VITAMINS	229	n/a	n/a	n/a
1241.03076171875	n/a	TRIAL_START	2541631	n/a	LTP454	NiclsCourierReadOnly	0	1	0	n/a	n/a	n/a	n/a	n/a
1261.69287109375	n/a	WORD	2583947	wordpools/all_items.txt	LTP454	NiclsCourierReadOnly	0	1	0	SAXOPHONE	n/a	music_store	14.5	-33.6875
1269.15966796875	n/a	WORD	2599239	wordpools/all_items.txt	LTP454	NiclsCourierReadOnly	0	1	0	EARRINGS	n/a	jewelry_store	35.40625	-33.09375
1282.7744140625	n/a	POINTER_ON	2627122	n/a	LTP454	NiclsCourierReadOnly	0	1	0	n/a	n/a	n/a	n/a	n/a
1286.2080078125	n/a	WORD	2634154	wordpools/all_items.txt	LTP454	NiclsCourierReadOnly	0	1	0	PROTEIN_SHAKES	n/a	gym	-60.0	-11.5
1299.8408203125	n/a	POINTER_ON	2662074	n/a	LTP454	NiclsCourierReadOnly	0	1	0	n/a	n/a	n/a	n/a	n/a
1301.7236328125	n/a	WORD	2665930	wordpools/all_items.txt	LTP454	NiclsCourierReadOnly	0	1	0	CHAIN	n/a	bike_shop	35.09375	26.703125
1315.35546875	n/a	POINTER_ON	2693848	n/a	LTP454	NiclsCourierReadOnly	0	1	0	n/a	n/a	n/a	n/a	n/a
1318.48828125	n/a	WORD	2700264	wordpools/all_items.txt	LTP454	NiclsCourierReadOnly	0	1	0	JEANS	n/a	clothing_store	-3.099609375	-58.5
1326.7216796875	n/a	WORD	2717126	wordpools/all_items.txt	LTP454	NiclsCourierReadOnly	0	1	0	ROLL	n/a	bakery	62.3125	-33.5
1340.353515625	n/a	POINTER_ON	2745044	n/a	LTP454	NiclsCourierReadOnly	0	1	0	n/a	n/a	n/a	n/a	n/a
1347.85205078125	n/a	WORD	2760401	wordpools/all_items.txt	LTP454	NiclsCourierReadOnly	0	1	0	RIBBON	n/a	craft_shop	-29.59375	-37.1875
1361.48486328125	n/a	POINTER_ON	2788321	n/a	LTP454	NiclsCourierReadOnly	0	1	0	n/a	n/a	n/a	n/a	n/a
1365.818359375	n/a	WORD	2797196	wordpools/all_items.txt	LTP454	NiclsCourierReadOnly	0	1	0	LOLLIPOPS	n/a	dentist	-31.796875	55.6875
1379.43310546875	n/a	POINTER_ON	2825079	n/a	LTP454	NiclsCourierReadOnly	0	1	0	n/a	n/a	n/a	n/a	n/a
1386.8837890625	n/a	WORD	2840338	wordpools/all_items.txt	LTP454	NiclsCourierReadOnly	0	1	0	SYRUP	n/a	cafe	-14.296875	-12.8984375
1393.56591796875	n/a	WORD	2854023	wordpools/all_items.txt	LTP454	NiclsCourierReadOnly	0	1	0	OATMEAL	n/a	grocery_store	32.1875	-60.90625
1403.54833984375	n/a	WORD	2874467	wordpools/all_items.txt	LTP454	NiclsCourierReadOnly	0	1	0	DAFFODILS	n/a	florist	36.6875	59.09375
1417.18017578125	n/a	POINTER_ON	2902385	n/a	LTP454	NiclsCourierReadOnly	0	1	0	n/a	n/a	n/a	n/a	n/a
1419.330078125	n/a	WORD	2906788	wordpools/all_items.txt	LTP454	NiclsCourierReadOnly	0	1	0	MIRROR	n/a	barber_shop	-39.0	-61.90625
1432.94580078125	n/a	POINTER_ON	2934673	n/a	LTP454	NiclsCourierReadOnly	0	1	0	n/a	n/a	n/a	n/a	n/a
1442.61083984375	n/a	WORD	2954467	wordpools/all_items.txt	LTP454	NiclsCourierReadOnly	0	1	0	SLED	n/a	toy_store	14.6015625	-58.8125
1456.2265625	n/a	POINTER_ON	2982352	n/a	LTP454	NiclsCourierReadOnly	0	1	0	n/a	n/a	n/a	n/a	n/a
1464.326171875	n/a	WORD	2998940	wordpools/all_items.txt	LTP454	NiclsCourierReadOnly	0	1	0	NOSE_SPRAY	n/a	pharmacy	58.3125	27.90625
1472.17529296875	n/a	WORD	3015015	wordpools/all_items.txt	LTP454	NiclsCourierReadOnly	0	1	0	ANCHOVIES	n/a	pizzeria	-9.1015625	17.90625
1492.45751953125	n/a	TRIAL_END	3056553	n/a	LTP454	NiclsCourierReadOnly	0	1	0	n/a	n/a	n/a	n/a	n/a
1503.48974609375	n/a	REC_START	3079147	n/a	LTP454	NiclsCourierReadOnly	0	1	0	n/a	n/a	n/a	n/a	n/a
1517.11865234375	n/a	REC_WORD	3107059	wordpools/all_items.txt	LTP454	NiclsCourierReadOnly	0	1	0	ANCHOVIES	6	pizzeria	-9.1015625	17.90625
1518.12158203125	n/a	EFR_MARK	3109113	n/a	LTP454	NiclsCourierReadOnly	0	1	0	n/a	n/a	n/a	n/a	n/a
1519.6025390625	n/a	REC_WORD	3112146	wordpools/all_items.txt	LTP454	NiclsCourierReadOnly	0	1	0	MIRROR	133	barber_shop	-39.0	-61.90625
1520.63916015625	n/a	EFR_MARK	3114269	n/a	LTP454	NiclsCourierReadOnly	0	1	0	n/a	n/a	n/a	n/a	n/a
1521.64208984375	n/a	REC_WORD	3116323	wordpools/all_items.txt	LTP454	NiclsCourierReadOnly	0	1	0	DAFFODILS	64	florist	36.6875	59.09375
1522.68798828125	n/a	EFR_MARK	3118465	n/a	LTP454	NiclsCourierReadOnly	0	1	0	n/a	n/a	n/a	n/a	n/a
1523.5048828125	n/a	REC_WORD	3120138	wordpools/all_items.txt	LTP454	NiclsCourierReadOnly	0	1	0	PROTEIN_SHAKES	164	gym	-60.0	-11.5
1525.05419921875	n/a	EFR_MARK	3123311	n/a	LTP454	NiclsCourierReadOnly	0	1	0	n/a	n/a	n/a	n/a	n/a
1533.037109375	n/a	REC_WORD	3139660	wordpools/all_items.txt	LTP454	NiclsCourierReadOnly	0	1	0	DOG FOOD	-1	n/a	n/a	n/a
1534.037109375	n/a	EFR_MARK	3141708	n/a	LTP454	NiclsCourierReadOnly	0	1	0	n/a	n/a	n/a	n/a	n/a
1540.73779296875	n/a	REC_WORD	3155431	wordpools/all_items.txt	LTP454	NiclsCourierReadOnly	0	1	0	EARRINGS	76	jewelry_store	35.40625	-33.09375
1541.45361328125	n/a	EFR_MARK	3156897	n/a	LTP454	NiclsCourierReadOnly	0	1	0	n/a	n/a	n/a	n/a	n/a
1545.619140625	n/a	EFR_MARK	3165428	n/a	LTP454	NiclsCourierReadOnly	0	1	0	n/a	n/a	n/a	n/a	n/a
1572.0341796875	n/a	EFR_MARK	3219526	n/a	LTP454	NiclsCourierReadOnly	0	1	0	n/a	n/a	n/a	n/a	n/a
1578.58251953125	n/a	EFR_MARK	3232937	n/a	LTP454	NiclsCourierReadOnly	0	1	0	n/a	n/a	n/a	n/a	n/a
1581.43310546875	n/a	EFR_MARK	3238775	n/a	LTP454	NiclsCourierReadOnly	0	1	0	n/a	n/a	n/a	n/a	n/a
1593.4990234375	n/a	REC_STOP	3263486	n/a	LTP454	NiclsCourierReadOnly	0	1	0	n/a	n/a	n/a	n/a	n/a
1601.6494140625	n/a	CUED_REC_CUE	3280178	n/a	LTP454	NiclsCourierReadOnly	0	1	0	SLED	n/a	toy_store	14.6015625	-58.8125
1604.9853515625	n/a	CUED_REC_WORD	3287010	wordpools/all_items.txt	LTP454	NiclsCourierReadOnly	0	1	0	TOYS	-1	n/a	n/a	n/a
1605.78125	n/a	CUED_REC_STOP	3288640	n/a	LTP454	NiclsCourierReadOnly	0	1	0	n/a	n/a	n/a	n/a	n/a
1607.58203125	n/a	CUED_REC_CUE	3292328	n/a	LTP454	NiclsCourierReadOnly	0	1	0	LOLLIPOPS	n/a	dentist	-31.796875	55.6875
1609.876953125	n/a	CUED_REC_WORD	3297028	wordpools/all_items.txt	LTP454	NiclsCourierReadOnly	0	1	0	MOUTHWASH	134	n/a	n/a	n/a
1610.44677734375	n/a	CUED_REC_STOP	3298195	n/a	LTP454	NiclsCourierReadOnly	0	1	0	n/a	n/a	n/a	n/a	n/a
1612.61474609375	n/a	CUED_REC_CUE	3302635	n/a	LTP454	NiclsCourierReadOnly	0	1	0	SYRUP	n/a	cafe	-14.296875	-12.8984375
1614.7685546875	n/a	CUED_REC_WORD	3307046	wordpools/all_items.txt	LTP454	NiclsCourierReadOnly	0	1	0	SYRUP	212	n/a	n/a	n/a
1615.46435546875	n/a	CUED_REC_STOP	3308471	n/a	LTP454	NiclsCourierReadOnly	0	1	0	n/a	n/a	n/a	n/a	n/a
1617.59912109375	n/a	CUED_REC_CUE	3312843	n/a	LTP454	NiclsCourierReadOnly	0	1	0	PROTEIN_SHAKES	n/a	gym	-60.0	-11.5
1619.76708984375	n/a	CUED_REC_WORD	3317283	wordpools/all_items.txt	LTP454	NiclsCourierReadOnly	0	1	0	WIGS	-1	n/a	n/a	n/a
1620.546875	n/a	CUED_REC_STOP	3318880	n/a	LTP454	NiclsCourierReadOnly	0	1	0	n/a	n/a	n/a	n/a	n/a
1622.48095703125	n/a	CUED_REC_CUE	3322841	n/a	LTP454	NiclsCourierReadOnly	0	1	0	ROLL	n/a	bakery	62.3125	-33.5
1624.51953125	n/a	CUED_REC_WORD	3327016	wordpools/all_items.txt	LTP454	NiclsCourierReadOnly	0	1	0	BREAD	29	n/a	n/a	n/a
1624.99658203125	n/a	CUED_REC_STOP	3327993	n/a	LTP454	NiclsCourierReadOnly	0	1	0	n/a	n/a	n/a	n/a	n/a
1627.16357421875	n/a	CUED_REC_CUE	3332431	n/a	LTP454	NiclsCourierReadOnly	0	1	0	CHAIN	n/a	bike_shop	35.09375	26.703125
1628.67041015625	n/a	CUED_REC_WORD	3335517	wordpools/all_items.txt	LTP454	NiclsCourierReadOnly	0	1	0	CHAIN	42	n/a	n/a	n/a
1630.162109375	n/a	CUED_REC_STOP	3338572	n/a	LTP454	NiclsCourierReadOnly	0	1	0	n/a	n/a	n/a	n/a	n/a
1632.296875	n/a	CUED_REC_CUE	3342944	n/a	LTP454	NiclsCourierReadOnly	0	1	0	RIBBON	n/a	craft_shop	-29.59375	-37.1875
1634.90185546875	n/a	CUED_REC_WORD	3348279	wordpools/all_items.txt	LTP454	NiclsCourierReadOnly	0	1	0	PASTELS	152	n/a	n/a	n/a
1636.04541015625	n/a	CUED_REC_STOP	3350621	n/a	LTP454	NiclsCourierReadOnly	0	1	0	n/a	n/a	n/a	n/a	n/a
1637.896484375	n/a	CUED_REC_CUE	3354412	n/a	LTP454	NiclsCourierReadOnly	0	1	0	DAFFODILS	n/a	florist	36.6875	59.09375
1642.7470703125	n/a	CUED_REC_WORD	3364346	wordpools/all_items.txt	LTP454	NiclsCourierReadOnly	0	1	0	DAFFODILS	64	n/a	n/a	n/a
1643.76123046875	n/a	CUED_REC_STOP	3366423	n/a	LTP454	NiclsCourierReadOnly	0	1	0	n/a	n/a	n/a	n/a	n/a
1645.62890625	n/a	CUED_REC_CUE	3370248	n/a	LTP454	NiclsCourierReadOnly	0	1	0	ANCHOVIES	n/a	pizzeria	-9.1015625	17.90625
1649.6064453125	n/a	CUED_REC_WORD	3378394	wordpools/all_items.txt	LTP454	NiclsCourierReadOnly	0	1	0	SAUCE	-1	n/a	n/a	n/a
1650.52734375	n/a	CUED_REC_STOP	3380280	n/a	LTP454	NiclsCourierReadOnly	0	1	0	n/a	n/a	n/a	n/a	n/a
1652.67822265625	n/a	CUED_REC_CUE	3384685	n/a	LTP454	NiclsCourierReadOnly	0	1	0	OATMEAL	n/a	grocery_store	32.1875	-60.90625
1658.69287109375	n/a	CUED_REC_STOP	3397003	n/a	LTP454	NiclsCourierReadOnly	0	1	0	n/a	n/a	n/a	n/a	n/a
1658.69287109375	n/a	CUED_REC_WORD_VV	3397003	wordpools/all_items.txt	LTP454	NiclsCourierReadOnly	0	1	0	<>	-1	n/a	n/a	n/a
1660.79443359375	n/a	CUED_REC_CUE	3401307	n/a	LTP454	NiclsCourierReadOnly	0	1	0	MIRROR	n/a	barber_shop	-39.0	-61.90625
1665.05908203125	n/a	CUED_REC_STOP	3410041	n/a	LTP454	NiclsCourierReadOnly	0	1	0	n/a	n/a	n/a	n/a	n/a
1665.06005859375	n/a	CUED_REC_WORD_VV	3410043	wordpools/all_items.txt	LTP454	NiclsCourierReadOnly	0	1	0	<>	-1	n/a	n/a	n/a
1666.94384765625	n/a	CUED_REC_CUE	3413901	n/a	LTP454	NiclsCourierReadOnly	0	1	0	SAXOPHONE	n/a	music_store	14.5	-33.6875
1670.70166015625	n/a	CUED_REC_WORD	3421597	wordpools/all_items.txt	LTP454	NiclsCourierReadOnly	0	1	0	RECORDS	172	n/a	n/a	n/a
1671.49169921875	n/a	CUED_REC_STOP	3423215	n/a	LTP454	NiclsCourierReadOnly	0	1	0	n/a	n/a	n/a	n/a	n/a
1673.34228515625	n/a	CUED_REC_CUE	3427005	n/a	LTP454	NiclsCourierReadOnly	0	1	0	JEANS	n/a	clothing_store	-3.099609375	-58.5
1676.09228515625	n/a	CUED_REC_WORD	3432637	wordpools/all_items.txt	LTP454	NiclsCourierReadOnly	0	1	0	SHIRT	-1	n/a	n/a	n/a
1676.67529296875	n/a	CUED_REC_STOP	3433831	n/a	LTP454	NiclsCourierReadOnly	0	1	0	n/a	n/a	n/a	n/a	n/a
1678.458984375	n/a	CUED_REC_CUE	3437484	n/a	LTP454	NiclsCourierReadOnly	0	1	0	NOSE_SPRAY	n/a	pharmacy	58.3125	27.90625
1680.40087890625	n/a	CUED_REC_WORD	3441461	wordpools/all_items.txt	LTP454	NiclsCourierReadOnly	0	1	0	BANDAIDS	-1	n/a	n/a	n/a
1681.19091796875	n/a	CUED_REC_STOP	3443079	n/a	LTP454	NiclsCourierReadOnly	0	1	0	n/a	n/a	n/a	n/a	n/a
1683.15869140625	n/a	CUED_REC_CUE	3447109	n/a	LTP454	NiclsCourierReadOnly	0	1	0	EARRINGS	n/a	jewelry_store	35.40625	-33.09375
1685.83349609375	n/a	CUED_REC_WORD	3452587	wordpools/all_items.txt	LTP454	NiclsCourierReadOnly	0	1	0	EARRINGS	76	n/a	n/a	n/a
1686.474609375	n/a	CUED_REC_STOP	3453900	n/a	LTP454	NiclsCourierReadOnly	0	1	0	n/a	n/a	n/a	n/a	n/a
1707.83984375	n/a	TRIAL_START	3497656	n/a	LTP454	NiclsCourierReadOnly	0	1	1	n/a	n/a	n/a	n/a	n/a
1719.8544921875	n/a	POINTER_ON	3522262	n/a	LTP454	NiclsCourierReadOnly	0	1	1	n/a	n/a	n/a	n/a	n/a
1734.13720703125	n/a	WORD	3551513	wordpools/all_items.txt	LTP454	NiclsCourierReadOnly	0	1	1	CONTACT_SOLUTION	n/a	pharmacy	58.3125	27.90625
1747.76904296875	n/a	POINTER_ON	3579431	n/a	LTP454	NiclsCourierReadOnly	0	1	1	n/a	n/a	n/a	n/a	n/a
1757.00244140625	n/a	WORD	3598341	wordpools/all_items.txt	LTP454	NiclsCourierReadOnly	0	1	1	TOMATO_SAUCE	n/a	pizzeria	-9.1015625	17.90625
1770.6025390625	n/a	POINTER_ON	3626194	n/a	LTP454	NiclsCourierReadOnly	0	1	1	n/a	n/a	n/a	n/a	n/a
1772.35009765625	n/a	WORD	3629773	wordpools/all_items.txt	LTP454	NiclsCourierReadOnly	0	1	1	CONDITIONER	n/a	barber_shop	-39.0	-61.90625
1785.96630859375	n/a	POINTER_ON	3657659	n/a	LTP454	NiclsCourierReadOnly	0	1	1	n/a	n/a	n/a	n/a	n/a
1791.6484375	n/a	WORD	3669296	wordpools/all_items.txt	LTP454	NiclsCourierReadOnly	0	1	1	RINGS	n/a	jewelry_store	35.40625	-33.09375
1805.2646484375	n/a	POINTER_ON	3697182	n/a	LTP454	NiclsCourierReadOnly	0	1	1	n/a	n/a	n/a	n/a	n/a
1813.046875	n/a	WORD	3713120	wordpools/all_items.txt	LTP454	NiclsCourierReadOnly	0	1	1	ORCHIDS	n/a	florist	36.6875	59.09375
1826.6796875	n/a	POINTER_ON	3741040	n/a	LTP454	NiclsCourierReadOnly	0	1	1	n/a	n/a	n/a	n/a	n/a
1832.3623046875	n/a	WORD	3752678	wordpools/all_items.txt	LTP454	NiclsCourierReadOnly	0	1	1	SOCKS	n/a	clothing_store	-3.099609375	-58.5
1845.97802734375	n/a	POINTER_ON	3780563	n/a	LTP454	NiclsCourierReadOnly	0	1	1	n/a	n/a	n/a	n/a	n/a
1854.62744140625	n/a	WORD	3798277	wordpools/all_items.txt	LTP454	NiclsCourierReadOnly	0	1	1	BAKING_SODA	n/a	bakery	62.3125	-33.5
1868.25927734375	n/a	POINTER_ON	3826195	n/a	LTP454	NiclsCourierReadOnly	0	1	1	n/a	n/a	n/a	n/a	n/a
1876.09130859375	n/a	WORD	3842235	wordpools/all_items.txt	LTP454	NiclsCourierReadOnly	0	1	1	PUMP	n/a	bike_shop	35.09375	26.703125
1889.70751953125	n/a	POINTER_ON	3870121	n/a	LTP454	NiclsCourierReadOnly	0	1	1	n/a	n/a	n/a	n/a	n/a
1896.0400390625	n/a	WORD	3883090	wordpools/all_items.txt	LTP454	NiclsCourierReadOnly	0	1	1	SYRINGE	n/a	dentist	-31.796875	55.6875
1909.65576171875	n/a	POINTER_ON	3910975	n/a	LTP454	NiclsCourierReadOnly	0	1	1	n/a	n/a	n/a	n/a	n/a
1920.0546875	n/a	WORD	3932272	wordpools/all_items.txt	LTP454	NiclsCourierReadOnly	0	1	1	CONSTRUCTION_PAPER	n/a	craft_shop	-29.59375	-37.1875
1933.6708984375	n/a	POINTER_ON	3960158	n/a	LTP454	NiclsCourierReadOnly	0	1	1	n/a	n/a	n/a	n/a	n/a
1944.1689453125	n/a	WORD	3981658	wordpools/all_items.txt	LTP454	NiclsCourierReadOnly	0	1	1	STUFFED_ANIMAL	n/a	toy_store	14.6015625	-58.8125
1957.78466796875	n/a	POINTER_ON	4009543	n/a	LTP454	NiclsCourierReadOnly	0	1	1	n/a	n/a	n/a	n/a	n/a
1968.73486328125	n/a	WORD	4031969	wordpools/all_items.txt	LTP454	NiclsCourierReadOnly	0	1	1	CHEW_TOY	n/a	pet_store	26.5	17.0
1983.08251953125	n/a	WORD	4061353	wordpools/all_items.txt	LTP454	NiclsCourierReadOnly	0	1	1	SCALE	n/a	gym	-60.0	-11.5
1996.6982421875	n/a	POINTER_ON	4089238	n/a	LTP454	NiclsCourierReadOnly	0	1	1	n/a	n/a	n/a	n/a	n/a
1998.498046875	n/a	WORD	4092924	wordpools/all_items.txt	LTP454	NiclsCourierReadOnly	0	1	1	SCREWS	n/a	hardware_store	59.3125	-9.203125
2012.1298828125	n/a	POINTER_ON	4120842	n/a	LTP454	NiclsCourierReadOnly	0	1	1	n/a	n/a	n/a	n/a	n/a
2022.5791015625	n/a	WORD	4142242	wordpools/all_items.txt	LTP454	NiclsCourierReadOnly	0	1	1	DRUM_SET	n/a	music_store	14.5	-33.6875
2033.5625	n/a	TRIAL_END	4164736	n/a	LTP454	NiclsCourierReadOnly	0	1	1	n/a	n/a	n/a	n/a	n/a
2044.59423828125	n/a	REC_START	4187329	n/a	LTP454	NiclsCourierReadOnly	0	1	1	n/a	n/a	n/a	n/a	n/a
2080.25244140625	n/a	REC_WORD	4260357	wordpools/all_items.txt	LTP454	NiclsCourierReadOnly	0	1	1	DRUM_SET	73	music_store	14.5	-33.6875
2081.2412109375	n/a	EFR_MARK	4262382	n/a	LTP454	NiclsCourierReadOnly	0	1	1	n/a	n/a	n/a	n/a	n/a
2082.13818359375	n/a	REC_WORD	4264219	wordpools/all_items.txt	LTP454	NiclsCourierReadOnly	0	1	1	ORCHIDS	148	florist	36.6875	59.09375
2082.94091796875	n/a	EFR_MARK	4265863	n/a	LTP454	NiclsCourierReadOnly	0	1	1	n/a	n/a	n/a	n/a	n/a
2083.72119140625	n/a	REC_WORD	4267461	wordpools/all_items.txt	LTP454	NiclsCourierReadOnly	0	1	1	SAUCE	-1	n/a	n/a	n/a
2084.7568359375	n/a	EFR_MARK	4269582	n/a	LTP454	NiclsCourierReadOnly	0	1	1	n/a	n/a	n/a	n/a	n/a
2091.4833984375	n/a	REC_WORD	4283358	wordpools/all_items.txt	LTP454	NiclsCourierReadOnly	0	1	1	SOCKS	196	clothing_store	-3.099609375	-58.5
2092.6904296875	n/a	EFR_MARK	4285830	n/a	LTP454	NiclsCourierReadOnly	0	1	1	n/a	n/a	n/a	n/a	n/a
2134.59765625	n/a	REC_WORD_VV	4371656	wordpools/all_items.txt	LTP454	NiclsCourierReadOnly	0	1	1	<>	-1	n/a	n/a	n/a
2134.60302734375	n/a	REC_STOP	4371667	n/a	LTP454	NiclsCourierReadOnly	0	1	1	n/a	n/a	n/a	n/a	n/a
2143.13720703125	n/a	CUED_REC_CUE	4389145	n/a	LTP454	NiclsCourierReadOnly	0	1	1	SCREWS	n/a	hardware_store	59.3125	-9.203125
2144.2939453125	n/a	CUED_REC_WORD	4391514	wordpools/all_items.txt	LTP454	NiclsCourierReadOnly	0	1	1	SCREWS	189	n/a	n/a	n/a
2145.5361328125	n/a	CUED_REC_STOP	4394058	n/a	LTP454	NiclsCourierReadOnly	0	1	1	n/a	n/a	n/a	n/a	n/a
2147.75390625	n/a	CUED_REC_CUE	4398600	n/a	LTP454	NiclsCourierReadOnly	0	1	1	SYRINGE	n/a	dentist	-31.796875	55.6875
2150.0234375	n/a	CUED_REC_WORD	4403248	wordpools/all_items.txt	LTP454	NiclsCourierReadOnly	0	1	1	MOUTHWASH	134	n/a	n/a	n/a
2150.75244140625	n/a	CUED_REC_STOP	4404741	n/a	LTP454	NiclsCourierReadOnly	0	1	1	n/a	n/a	n/a	n/a	n/a
2152.91943359375	n/a	CUED_REC_CUE	4409179	n/a	LTP454	NiclsCourierReadOnly	0	1	1	SCALE	n/a	gym	-60.0	-11.5
2156.4609375	n/a	CUED_REC_WORD	4416432	wordpools/all_items.txt	LTP454	NiclsCourierReadOnly	0	1	1	PROTEIN_SHAKES	164	n/a	n/a	n/a
2158.11865234375	n/a	CUED_REC_STOP	4419827	n/a	LTP454	NiclsCourierReadOnly	0	1	1	n/a	n/a	n/a	n/a	n/a
2159.98486328125	n/a	CUED_REC_CUE	4423649	n/a	LTP454	NiclsCourierReadOnly	0	1	1	PUMP	n/a	bike_shop	35.09375	26.703125
2161.96728515625	n/a	CUED_REC_WORD	4427709	wordpools/all_items.txt	LTP454	NiclsCourierReadOnly	0	1	1	CHAIN	42	n/a	n/a	n/a
2162.6845703125	n/a	CUED_REC_STOP	4429178	n/a	LTP454	NiclsCourierReadOnly	0	1	1	n/a	n/a	n/a	n/a	n/a
2164.80224609375	n/a	CUED_REC_CUE	4433515	n/a	LTP454	NiclsCourierReadOnly	0	1	1	DRUM_SET	n/a	music_store	14.5	-33.6875
2166.8779296875	n/a	CUED_REC_WORD	4437766	wordpools/all_items.txt	LTP454	NiclsCourierReadOnly	0	1	1	DRUM_SET	73	n/a	n/a	n/a
2167.16796875	n/a	CUED_REC_STOP	4438360	n/a	LTP454	NiclsCourierReadOnly	0	1	1	n/a	n/a	n/a	n/a	n/a
2169.01806640625	n/a	CUED_REC_CUE	4442149	n/a	LTP454	NiclsCourierReadOnly	0	1	1	STUFFED_ANIMAL	n/a	toy_store	14.6015625	-58.8125
2171.6005859375	n/a	CUED_REC_WORD_VV	4447438	wordpools/all_items.txt	LTP454	NiclsCourierReadOnly	0	1	1	<>	-1	n/a	n/a	n/a
2171.6005859375	n/a	CUED_REC_STOP	4447438	n/a	LTP454	NiclsCourierReadOnly	0	1	1	n/a	n/a	n/a	n/a	n/a
2173.66845703125	n/a	CUED_REC_CUE	4451673	n/a	LTP454	NiclsCourierReadOnly	0	1	1	SOCKS	n/a	clothing_store	-3.099609375	-58.5
2175.8154296875	n/a	CUED_REC_WORD	4456070	wordpools/all_items.txt	LTP454	NiclsCourierReadOnly	0	1	1	SOCKS	196	n/a	n/a	n/a
2176.71630859375	n/a	CUED_REC_STOP	4457915	n/a	LTP454	NiclsCourierReadOnly	0	1	1	n/a	n/a	n/a	n/a	n/a
2178.68505859375	n/a	CUED_REC_CUE	4461947	n/a	LTP454	NiclsCourierReadOnly	0	1	1	CONSTRUCTION_PAPER	n/a	craft_shop	-29.59375	-37.1875
2184.69970703125	n/a	CUED_REC_STOP	4474265	n/a	LTP454	NiclsCourierReadOnly	0	1	1	n/a	n/a	n/a	n/a	n/a
2184.70068359375	n/a	CUED_REC_WORD_VV	4474267	wordpools/all_items.txt	LTP454	NiclsCourierReadOnly	0	1	1	<>	-1	n/a	n/a	n/a
2186.63330078125	n/a	CUED_REC_CUE	4478225	n/a	LTP454	NiclsCourierReadOnly	0	1	1	TOMATO_SAUCE	n/a	pizzeria	-9.1015625	17.90625
2187.6865234375	n/a	CUED_REC_WORD	4480382	wordpools/all_items.txt	LTP454	NiclsCourierReadOnly	0	1	1	SAUCE	-1	n/a	n/a	n/a
2188.69921875	n/a	CUED_REC_STOP	4482456	n/a	LTP454	NiclsCourierReadOnly	0	1	1	n/a	n/a	n/a	n/a	n/a
2190.916015625	n/a	CUED_REC_CUE	4486996	n/a	LTP454	NiclsCourierReadOnly	0	1	1	CHEW_TOY	n/a	pet_store	26.5	17.0
2194.34765625	n/a	CUED_REC_STOP	4494024	n/a	LTP454	NiclsCourierReadOnly	0	1	1	n/a	n/a	n/a	n/a	n/a
2194.3486328125	n/a	CUED_REC_WORD_VV	4494026	wordpools/all_items.txt	LTP454	NiclsCourierReadOnly	0	1	1	<>	-1	n/a	n/a	n/a
2196.24951171875	n/a	CUED_REC_CUE	4497919	n/a	LTP454	NiclsCourierReadOnly	0	1	1	CONDITIONER	n/a	barber_shop	-39.0	-61.90625
2198.7236328125	n/a	CUED_REC_WORD	4502986	wordpools/all_items.txt	LTP454	NiclsCourierReadOnly	0	1	1	CONDITIONER	54	n/a	n/a	n/a
2199.51513671875	n/a	CUED_REC_STOP	4504607	n/a	LTP454	NiclsCourierReadOnly	0	1	1	n/a	n/a	n/a	n/a	n/a
2201.43212890625	n/a	CUED_REC_CUE	4508533	n/a	LTP454	NiclsCourierReadOnly	0	1	1	RINGS	n/a	jewelry_store	35.40625	-33.09375
2205.27587890625	n/a	CUED_REC_WORD	4516405	wordpools/all_items.txt	LTP454	NiclsCourierReadOnly	0	1	1	EARRINGS	76	n/a	n/a	n/a
2206.130859375	n/a	CUED_REC_STOP	4518156	n/a	LTP454	NiclsCourierReadOnly	0	1	1	n/a	n/a	n/a	n/a	n/a
2207.91455078125	n/a	CUED_REC_CUE	4521809	n/a	LTP454	NiclsCourierReadOnly	0	1	1	BAKING_SODA	n/a	bakery	62.3125	-33.5
2210.59228515625	n/a	CUED_REC_WORD	4527293	wordpools/all_items.txt	LTP454	NiclsCourierReadOnly	0	1	1	BREAD	29	n/a	n/a	n/a
2211.51318359375	n/a	CUED_REC_STOP	4529179	n/a	LTP454	NiclsCourierReadOnly	0	1	1	n/a	n/a	n/a	n/a	n/a
2213.3310546875	n/a	CUED_REC_CUE	4532902	n/a	LTP454	NiclsCourierReadOnly	0	1	1	CONTACT_SOLUTION	n/a	pharmacy	58.3125	27.90625
2218.03173828125	n/a	CUED_REC_WORD	4542529	wordpools/all_items.txt	LTP454	NiclsCourierReadOnly	0	1	1	VITAMINS	229	n/a	n/a	n/a
2218.630859375	n/a	CUED_REC_STOP	4543756	n/a	LTP454	NiclsCourierReadOnly	0	1	1	n/a	n/a	n/a	n/a	n/a
2220.5478515625	n/a	CUED_REC_CUE	4547682	n/a	LTP454	NiclsCourierReadOnly	0	1	1	ORCHIDS	n/a	florist	36.6875	59.09375
2222.30126953125	n/a	CUED_REC_WORD	4551273	wordpools/all_items.txt	LTP454	NiclsCourierReadOnly	0	1	1	ORCHIDS	148	n/a	n/a	n/a
2223.09619140625	n/a	CUED_REC_STOP	4552901	n/a	LTP454	NiclsCourierReadOnly	0	1	1	n/a	n/a	n/a	n/a	n/a
2236.12841796875	n/a	TRIAL_START	4579591	n/a	LTP454	NiclsCourierReadOnly	0	1	2	n/a	n/a	n/a	n/a	n/a
2248.14453125	n/a	POINTER_ON	4604200	n/a	LTP454	NiclsCourierReadOnly	0	1	2	n/a	n/a	n/a	n/a	n/a
2271.09228515625	n/a	WORD	4651197	wordpools/all_items.txt	LTP454	NiclsCourierReadOnly	0	1	2	SANDALS	n/a	clothing_store	-3.099609375	-58.5
2284.72412109375	n/a	POINTER_ON	4679115	n/a	LTP454	NiclsCourierReadOnly	0	1	2	n/a	n/a	n/a	n/a	n/a
2295.1064453125	n/a	WORD	4700378	wordpools/all_items.txt	LTP454	NiclsCourierReadOnly	0	1	2	JUMP_ROPE	n/a	gym	-60.0	-11.5
2308.35546875	n/a	WORD	4727512	wordpools/all_items.txt	LTP454	NiclsCourierReadOnly	0	1	2	PIPES	n/a	hardware_store	59.3125	-9.203125
2321.97119140625	n/a	POINTER_ON	4755397	n/a	LTP454	NiclsCourierReadOnly	0	1	2	n/a	n/a	n/a	n/a	n/a
2333.85302734375	n/a	WORD	4779731	wordpools/all_items.txt	LTP454	NiclsCourierReadOnly	0	1	2	WATCH	n/a	jewelry_store	35.40625	-33.09375
2347.48583984375	n/a	POINTER_ON	4807651	n/a	LTP454	NiclsCourierReadOnly	0	1	2	n/a	n/a	n/a	n/a	n/a
2349.7685546875	n/a	WORD	4812326	wordpools/all_items.txt	LTP454	NiclsCourierReadOnly	0	1	2	X-RAY_MACHINE	n/a	dentist	-31.796875	55.6875
2363.40185546875	n/a	POINTER_ON	4840247	n/a	LTP454	NiclsCourierReadOnly	0	1	2	n/a	n/a	n/a	n/a	n/a
2365.56640625	n/a	WORD	4844680	wordpools/all_items.txt	LTP454	NiclsCourierReadOnly	0	1	2	STRAWS	n/a	cafe	-14.296875	-12.8984375
2379.18212890625	n/a	POINTER_ON	4872565	n/a	LTP454	NiclsCourierReadOnly	0	1	2	n/a	n/a	n/a	n/a	n/a
2387.58251953125	n/a	WORD	4889769	wordpools/all_items.txt	LTP454	NiclsCourierReadOnly	0	1	2	EMBROIDERY	n/a	craft_shop	-29.59375	-37.1875
2401.197265625	n/a	POINTER_ON	4917652	n/a	LTP454	NiclsCourierReadOnly	0	1	2	n/a	n/a	n/a	n/a	n/a
2418.09619140625	n/a	WORD	4952261	wordpools/all_items.txt	LTP454	NiclsCourierReadOnly	0	1	2	HAIR_STRAIGHTENER	n/a	barber_shop	-39.0	-61.90625
2431.72900390625	n/a	POINTER_ON	4980181	n/a	LTP454	NiclsCourierReadOnly	0	1	2	n/a	n/a	n/a	n/a	n/a
2433.0458984375	n/a	WORD	4982878	wordpools/all_items.txt	LTP454	NiclsCourierReadOnly	0	1	2	POTS	n/a	florist	36.6875	59.09375
2441.244140625	n/a	WORD	4999668	wordpools/all_items.txt	LTP454	NiclsCourierReadOnly	0	1	2	CANOLLI	n/a	bakery	62.3125	-33.5
2454.86376953125	n/a	POINTER_ON	5027561	n/a	LTP454	NiclsCourierReadOnly	0	1	2	n/a	n/a	n/a	n/a	n/a
2462.84228515625	n/a	WORD	5043901	wordpools/all_items.txt	LTP454	NiclsCourierReadOnly	0	1	2	DECALS	n/a	bike_shop	35.09375	26.703125
2476.4580078125	n/a	POINTER_ON	5071786	n/a	LTP454	NiclsCourierReadOnly	0	1	2	n/a	n/a	n/a	n/a	n/a
2479.07373046875	n/a	WORD	5077143	wordpools/all_items.txt	LTP454	NiclsCourierReadOnly	0	1	2	BASIL	n/a	pizzeria	-9.1015625	17.90625
2492.69091796875	n/a	POINTER_ON	5105031	n/a	LTP454	NiclsCourierReadOnly	0	1	2	n/a	n/a	n/a	n/a	n/a
2499.85595703125	n/a	WORD	5119705	wordpools/all_items.txt	LTP454	NiclsCourierReadOnly	0	1	2	HAMSTER	n/a	pet_store	26.5	17.0
2513.48779296875	n/a	POINTER_ON	5147623	n/a	LTP454	NiclsCourierReadOnly	0	1	2	n/a	n/a	n/a	n/a	n/a
2520.88720703125	n/a	WORD	5162777	wordpools/all_items.txt	LTP454	NiclsCourierReadOnly	0	1	2	WATER_GUN	n/a	toy_store	14.6015625	-58.8125
2534.50341796875	n/a	POINTER_ON	5190663	n/a	LTP454	NiclsCourierReadOnly	0	1	2	n/a	n/a	n/a	n/a	n/a
2541.61962890625	n/a	WORD	5205237	wordpools/all_items.txt	LTP454	NiclsCourierReadOnly	0	1	2	RECORDS	n/a	music_store	14.5	-33.6875
2551.28564453125	n/a	TRIAL_END	5225033	n/a	LTP454	NiclsCourierReadOnly	0	1	2	n/a	n/a	n/a	n/a	n/a
2562.31787109375	n/a	REC_START	5247627	n/a	LTP454	NiclsCourierReadOnly	0	1	2	n/a	n/a	n/a	n/a	n/a
2565.6435546875	n/a	REC_WORD	5254438	wordpools/all_items.txt	LTP454	NiclsCourierReadOnly	0	1	2	RECORDS	172	music_store	14.5	-33.6875
2566.7666015625	n/a	EFR_MARK	5256738	n/a	LTP454	NiclsCourierReadOnly	0	1	2	n/a	n/a	n/a	n/a	n/a
2568.2216796875	n/a	REC_WORD	5259718	wordpools/all_items.txt	LTP454	NiclsCourierReadOnly	0	1	2	BASIL	17	pizzeria	-9.1015625	17.90625
2569.16748046875	n/a	EFR_MARK	5261655	n/a	LTP454	NiclsCourierReadOnly	0	1	2	n/a	n/a	n/a	n/a	n/a
2570.5400390625	n/a	REC_WORD	5264466	wordpools/all_items.txt	LTP454	NiclsCourierReadOnly	0	1	2	TOOTHPASTE	221	n/a	n/a	n/a
2571.93408203125	n/a	EFR_MARK	5267321	n/a	LTP454	NiclsCourierReadOnly	0	1	2	n/a	n/a	n/a	n/a	n/a
2572.666015625	n/a	REC_WORD	5268820	wordpools/all_items.txt	LTP454	NiclsCourierReadOnly	0	1	2	X-RAY_MACHINE	235	dentist	-31.796875	55.6875
2574.44873046875	n/a	EFR_MARK	5272471	n/a	LTP454	NiclsCourierReadOnly	0	1	2	n/a	n/a	n/a	n/a	n/a
2595.6552734375	n/a	REC_WORD	5315902	wordpools/all_items.txt	LTP454	NiclsCourierReadOnly	0	1	2	EMBROIDERY	78	craft_shop	-29.59375	-37.1875
2597.498046875	n/a	EFR_MARK	5319676	n/a	LTP454	NiclsCourierReadOnly	0	1	2	n/a	n/a	n/a	n/a	n/a
2618.74609375	n/a	EFR_MARK	5363192	n/a	LTP454	NiclsCourierReadOnly	0	1	2	n/a	n/a	n/a	n/a	n/a
2619.1630859375	n/a	EFR_MARK	5364046	n/a	LTP454	NiclsCourierReadOnly	0	1	2	n/a	n/a	n/a	n/a	n/a
2620.01318359375	n/a	EFR_MARK	5365787	n/a	LTP454	NiclsCourierReadOnly	0	1	2	n/a	n/a	n/a	n/a	n/a
2625.79541015625	n/a	EFR_MARK	5377629	n/a	LTP454	NiclsCourierReadOnly	0	1	2	n/a	n/a	n/a	n/a	n/a
2640.52734375	n/a	EFR_MARK	5407800	n/a	LTP454	NiclsCourierReadOnly	0	1	2	n/a	n/a	n/a	n/a	n/a
2652.326171875	n/a	REC_STOP	5431964	n/a	LTP454	NiclsCourierReadOnly	0	1	2	n/a	n/a	n/a	n/a	n/a
2660.427734375	n/a	CUED_REC_CUE	5448556	n/a	LTP454	NiclsCourierReadOnly	0	1	2	DECALS	n/a	bike_shop	35.09375	26.703125
2664.76953125	n/a	CUED_REC_WORD	5457448	wordpools/all_items.txt	LTP454	NiclsCourierReadOnly	0	1	2	TIRES	217	n/a	n/a	n/a
2665.67529296875	n/a	CUED_REC_STOP	5459303	n/a	LTP454	NiclsCourierReadOnly	0	1	2	n/a	n/a	n/a	n/a	n/a
2667.60986328125	n/a	CUED_REC_CUE	5463265	n/a	LTP454	NiclsCourierReadOnly	0	1	2	WATCH	n/a	jewelry_store	35.40625	-33.09375
2670.380859375	n/a	CUED_REC_WORD	5468940	wordpools/all_items.txt	LTP454	NiclsCourierReadOnly	0	1	2	EMBROIDERY	78	n/a	n/a	n/a
2671.32470703125	n/a	CUED_REC_STOP	5470873	n/a	LTP454	NiclsCourierReadOnly	0	1	2	n/a	n/a	n/a	n/a	n/a
2673.142578125	n/a	CUED_REC_CUE	5474596	n/a	LTP454	NiclsCourierReadOnly	0	1	2	BASIL	n/a	pizzeria	-9.1015625	17.90625
2674.70458984375	n/a	CUED_REC_WORD	5477795	wordpools/all_items.txt	LTP454	NiclsCourierReadOnly	0	1	2	BASIL	17	n/a	n/a	n/a
2675.32421875	n/a	CUED_REC_STOP	5479064	n/a	LTP454	NiclsCourierReadOnly	0	1	2	n/a	n/a	n/a	n/a	n/a
2677.47509765625	n/a	CUED_REC_CUE	5483469	n/a	LTP454	NiclsCourierReadOnly	0	1	2	POTS	n/a	florist	36.6875	59.09375
2679.52099609375	n/a	CUED_REC_WORD	5487659	wordpools/all_items.txt	LTP454	NiclsCourierReadOnly	0	1	2	POTS	163	n/a	n/a	n/a
2680.22412109375	n/a	CUED_REC_STOP	5489099	n/a	LTP454	NiclsCourierReadOnly	0	1	2	n/a	n/a	n/a	n/a	n/a
2682.42578125	n/a	CUED_REC_CUE	5493608	n/a	LTP454	NiclsCourierReadOnly	0	1	2	HAIR_STRAIGHTENER	n/a	barber_shop	-39.0	-61.90625
2686.7353515625	n/a	CUED_REC_WORD	5502434	wordpools/all_items.txt	LTP454	NiclsCourierReadOnly	0	1	2	HAIR BRUSH	-1	n/a	n/a	n/a
2687.67333984375	n/a	CUED_REC_STOP	5504355	n/a	LTP454	NiclsCourierReadOnly	0	1	2	n/a	n/a	n/a	n/a	n/a
2689.7080078125	n/a	CUED_REC_CUE	5508522	n/a	LTP454	NiclsCourierReadOnly	0	1	2	X-RAY_MACHINE	n/a	dentist	-31.796875	55.6875
2691.2802734375	n/a	CUED_REC_WORD	5511742	wordpools/all_items.txt	LTP454	NiclsCourierReadOnly	0	1	2	X-RAY_MACHINE	235	n/a	n/a	n/a
2692.240234375	n/a	CUED_REC_STOP	5513708	n/a	LTP454	NiclsCourierReadOnly	0	1	2	n/a	n/a	n/a	n/a	n/a
2694.3740234375	n/a	CUED_REC_CUE	5518078	n/a	LTP454	NiclsCourierReadOnly	0	1	2	STRAWS	n/a	cafe	-14.296875	-12.8984375
2696.16748046875	n/a	CUED_REC_WORD	5521751	wordpools/all_items.txt	LTP454	NiclsCourierReadOnly	0	1	2	CANNOLI	-1	n/a	n/a	n/a
2696.78955078125	n/a	CUED_REC_STOP	5523025	n/a	LTP454	NiclsCourierReadOnly	0	1	2	n/a	n/a	n/a	n/a	n/a
2699.04052734375	n/a	CUED_REC_CUE	5527635	n/a	LTP454	NiclsCourierReadOnly	0	1	2	CANOLLI	n/a	bakery	62.3125	-33.5
2701.39013671875	n/a	CUED_REC_WORD	5532447	wordpools/all_items.txt	LTP454	NiclsCourierReadOnly	0	1	2	CANOLLI	36	n/a	n/a	n/a
2703.2890625	n/a	CUED_REC_STOP	5536336	n/a	LTP454	NiclsCourierReadOnly	0	1	2	n/a	n/a	n/a	n/a	n/a
2705.255859375	n/a	CUED_REC_CUE	5540364	n/a	LTP454	NiclsCourierReadOnly	0	1	2	HAMSTER	n/a	pet_store	26.5	17.0
2708.23876953125	n/a	CUED_REC_WORD_VV	5546473	wordpools/all_items.txt	LTP454	NiclsCourierReadOnly	0	1	2	<>	-1	n/a	n/a	n/a
2708.23876953125	n/a	CUED_REC_STOP	5546473	n/a	LTP454	NiclsCourierReadOnly	0	1	2	n/a	n/a	n/a	n/a	n/a
2710.45556640625	n/a	CUED_REC_CUE	5551013	n/a	LTP454	NiclsCourierReadOnly	0	1	2	WATER_GUN	n/a	toy_store	14.6015625	-58.8125
2715.90380859375	n/a	CUED_REC_WORD_VV	5562171	wordpools/all_items.txt	LTP454	NiclsCourierReadOnly	0	1	2	<>	-1	n/a	n/a	n/a
2715.90380859375	n/a	CUED_REC_STOP	5562171	n/a	LTP454	NiclsCourierReadOnly	0	1	2	n/a	n/a	n/a	n/a	n/a
2717.9560546875	n/a	CUED_REC_CUE	5566374	n/a	LTP454	NiclsCourierReadOnly	0	1	2	PIPES	n/a	hardware_store	59.3125	-9.203125
2720.11474609375	n/a	CUED_REC_WORD	5570795	wordpools/all_items.txt	LTP454	NiclsCourierReadOnly	0	1	2	SCREWS	189	n/a	n/a	n/a
2720.92041015625	n/a	CUED_REC_STOP	5572445	n/a	LTP454	NiclsCourierReadOnly	0	1	2	n/a	n/a	n/a	n/a	n/a
2723.138671875	n/a	CUED_REC_CUE	5576988	n/a	LTP454	NiclsCourierReadOnly	0	1	2	RECORDS	n/a	music_store	14.5	-33.6875
2725.50634765625	n/a	CUED_REC_WORD	5581837	wordpools/all_items.txt	LTP454	NiclsCourierReadOnly	0	1	2	RECORDS	172	n/a	n/a	n/a
2726.10498046875	n/a	CUED_REC_STOP	5583063	n/a	LTP454	NiclsCourierReadOnly	0	1	2	n/a	n/a	n/a	n/a	n/a
2728.2060546875	n/a	CUED_REC_CUE	5587366	n/a	LTP454	NiclsCourierReadOnly	0	1	2	EMBROIDERY	n/a	craft_shop	-29.59375	-37.1875
2731.255859375	n/a	CUED_REC_WORD	5593612	wordpools/all_items.txt	LTP454	NiclsCourierReadOnly	0	1	2	EMBROIDERY	78	n/a	n/a	n/a
2731.9375	n/a	CUED_REC_STOP	5595008	n/a	LTP454	NiclsCourierReadOnly	0	1	2	n/a	n/a	n/a	n/a	n/a
2733.771484375	n/a	CUED_REC_CUE	5598764	n/a	LTP454	NiclsCourierReadOnly	0	1	2	SANDALS	n/a	clothing_store	-3.099609375	-58.5
2735.96337890625	n/a	CUED_REC_WORD	5603253	wordpools/all_items.txt	LTP454	NiclsCourierReadOnly	0	1	2	SHIRT	-1	n/a	n/a	n/a
2736.869140625	n/a	CUED_REC_STOP	5605108	n/a	LTP454	NiclsCourierReadOnly	0	1	2	n/a	n/a	n/a	n/a	n/a
2739.0703125	n/a	CUED_REC_CUE	5609616	n/a	LTP454	NiclsCourierReadOnly	0	1	2	JUMP_ROPE	n/a	gym	-60.0	-11.5
2741.046875	n/a	CUED_REC_WORD	5613664	wordpools/all_items.txt	LTP454	NiclsCourierReadOnly	0	1	2	WEIGHT	-1	n/a	n/a	n/a
2741.78564453125	n/a	CUED_REC_STOP	5615177	n/a	LTP454	NiclsCourierReadOnly	0	1	2	n/a	n/a	n/a	n/a	n/a
2762.38037109375	n/a	FFR_START	5657355	n/a	LTP454	NiclsCourierReadOnly	0	1	2	n/a	n/a	n/a	n/a	n/a
2770.52734375	n/a	FFR_REC_WORD	5674040	wordpools/all_items.txt	LTP454	NiclsCourierReadOnly	0	1	n/a	SHI0RT	-1	n/a	n/a	n/a
2771.2353515625	n/a	FFR_REC_WORD_VV	5675490	wordpools/all_items.txt	LTP454	NiclsCourierReadOnly	0	1	n/a	<>	-1	n/a	n/a	n/a
2771.98828125	n/a	FFR_REC_WORD	5677032	wordpools/all_items.txt	LTP454	NiclsCourierReadOnly	0	1	n/a	EMBROIDERY	78	craft_shop	-29.59375	-37.1875
2773.12646484375	n/a	FFR_REC_WORD	5679363	wordpools/all_items.txt	LTP454	NiclsCourierReadOnly	0	1	n/a	SAUCE	-1	n/a	n/a	n/a
2773.25439453125	n/a	FFR_REC_WORD	5679625	wordpools/all_items.txt	LTP454	NiclsCourierReadOnly	0	1	n/a	BELL	20	n/a	n/a	n/a
2774.13037109375	n/a	FFR_REC_WORD	5681419	wordpools/all_items.txt	LTP454	NiclsCourierReadOnly	0	1	n/a	CHAIN	42	bike_shop	35.09375	26.703125
2774.4892578125	n/a	FFR_REC_WORD	5682154	wordpools/all_items.txt	LTP454	NiclsCourierReadOnly	0	1	n/a	BASIL	17	pizzeria	-9.1015625	17.90625
2775.68505859375	n/a	FFR_REC_WORD	5684603	wordpools/all_items.txt	LTP454	NiclsCourierReadOnly	0	1	n/a	HELMET	111	n/a	n/a	n/a
2775.81396484375	n/a	FFR_REC_WORD	5684867	wordpools/all_items.txt	LTP454	NiclsCourierReadOnly	0	1	n/a	X-RAY_MACHINE	235	dentist	-31.796875	55.6875
2777.31201171875	n/a	FFR_REC_WORD	5687935	wordpools/all_items.txt	LTP454	NiclsCourierReadOnly	0	1	n/a	TIRES	217	n/a	n/a	n/a
2783.46435546875	n/a	FFR_REC_WORD	5700535	wordpools/all_items.txt	LTP454	NiclsCourierReadOnly	0	1	n/a	BAND AIDS	-1	n/a	n/a	n/a
2787.166015625	n/a	FFR_REC_WORD	5708116	wordpools/all_items.txt	LTP454	NiclsCourierReadOnly	0	1	n/a	MOUTHWASH	134	n/a	n/a	n/a
2788.0859375	n/a	FFR_REC_WORD	5710000	wordpools/all_items.txt	LTP454	NiclsCourierReadOnly	0	1	n/a	TOOTHPASTE	221	n/a	n/a	n/a
2788.671875	n/a	FFR_REC_WORD	5711200	wordpools/all_items.txt	LTP454	NiclsCourierReadOnly	0	1	n/a	CHAIN	42	bike_shop	35.09375	26.703125
2789.0498046875	n/a	FFR_REC_WORD	5711974	wordpools/all_items.txt	LTP454	NiclsCourierReadOnly	0	1	n/a	DENTIST'S_CHAIR	67	n/a	n/a	n/a
2790.134765625	n/a	FFR_REC_WORD	5714196	wordpools/all_items.txt	LTP454	NiclsCourierReadOnly	0	1	n/a	CONDITIONER	54	barber_shop	-39.0	-61.90625
2791.82763671875	n/a	FFR_REC_WORD_VV	5717663	wordpools/all_items.txt	LTP454	NiclsCourierReadOnly	0	1	n/a	<>	-1	n/a	n/a	n/a
2792.96044921875	n/a	FFR_REC_WORD	5719983	wordpools/all_items.txt	LTP454	NiclsCourierReadOnly	0	1	n/a	BUNNY	32	n/a	n/a	n/a
2793.49169921875	n/a	FFR_REC_WORD	5721071	wordpools/all_items.txt	LTP454	NiclsCourierReadOnly	0	1	n/a	POTS	163	florist	36.6875	59.09375
2793.99072265625	n/a	FFR_REC_WORD	5722093	wordpools/all_items.txt	LTP454	NiclsCourierReadOnly	0	1	n/a	FISH_BOWL	84	n/a	n/a	n/a
2794.3076171875	n/a	FFR_REC_WORD	5722742	wordpools/all_items.txt	LTP454	NiclsCourierReadOnly	0	1	n/a	ORCHIDS	148	florist	36.6875	59.09375
2795.3505859375	n/a	FFR_REC_WORD	5724878	wordpools/all_items.txt	LTP454	NiclsCourierReadOnly	0	1	n/a	DAFFODILS	64	florist	36.6875	59.09375
2795.6591796875	n/a	FFR_REC_WORD	5725510	wordpools/all_items.txt	LTP454	NiclsCourierReadOnly	0	1	n/a	DOG LEASH	-1	n/a	n/a	n/a
2797.14501953125	n/a	FFR_REC_WORD	5728553	wordpools/all_items.txt	LTP454	NiclsCourierReadOnly	0	1	n/a	DOG FOOD	-1	n/a	n/a	n/a
2799.76708984375	n/a	FFR_REC_WORD_VV	5733923	wordpools/all_items.txt	LTP454	NiclsCourierReadOnly	0	1	n/a	<>	-1	n/a	n/a	n/a
2800.56982421875	n/a	FFR_REC_WORD	5735567	wordpools/all_items.txt	LTP454	NiclsCourierReadOnly	0	1	n/a	ORANGE_JUICE	147	n/a	n/a	n/a
2801.091796875	n/a	FFR_REC_WORD	5736636	wordpools/all_items.txt	LTP454	NiclsCourierReadOnly	0	1	n/a	CANOLLI	36	bakery	62.3125	-33.5
2804.20947265625	n/a	FFR_REC_WORD	5743021	wordpools/all_items.txt	LTP454	NiclsCourierReadOnly	0	1	n/a	BREAD	29	n/a	n/a	n/a
2804.8056640625	n/a	FFR_REC_WORD	5744242	wordpools/all_items.txt	LTP454	NiclsCourierReadOnly	0	1	n/a	DOUGHNUT	71	n/a	n/a	n/a
2806.84033203125	n/a	FFR_REC_WORD	5748409	wordpools/all_items.txt	LTP454	NiclsCourierReadOnly	0	1	n/a	MILK	132	n/a	n/a	n/a
2807.29833984375	n/a	FFR_REC_WORD	5749347	wordpools/all_items.txt	LTP454	NiclsCourierReadOnly	0	1	n/a	DRUM_SET	73	music_store	14.5	-33.6875
2807.953125	n/a	FFR_REC_WORD	5750688	wordpools/all_items.txt	LTP454	NiclsCourierReadOnly	0	1	n/a	COFFEE	49	n/a	n/a	n/a
2808.4033203125	n/a	FFR_REC_WORD	5751610	wordpools/all_items.txt	LTP454	NiclsCourierReadOnly	0	1	n/a	RECORDS	172	music_store	14.5	-33.6875
2809.40234375	n/a	FFR_REC_WORD	5753656	wordpools/all_items.txt	LTP454	NiclsCourierReadOnly	0	1	n/a	PIZZA	-1	n/a	n/a	n/a
2810.404296875	n/a	FFR_REC_WORD	5755708	wordpools/all_items.txt	LTP454	NiclsCourierReadOnly	0	1	n/a	SAUCE	-1	n/a	n/a	n/a
2811.77197265625	n/a	FFR_REC_WORD	5758509	wordpools/all_items.txt	LTP454	NiclsCourierReadOnly	0	1	n/a	BASIL	17	pizzeria	-9.1015625	17.90625
2814.70654296875	n/a	FFR_REC_WORD	5764519	wordpools/all_items.txt	LTP454	NiclsCourierReadOnly	0	1	n/a	PROTEIN_SHAKES	164	gym	-60.0	-11.5
2816.07666015625	n/a	FFR_REC_WORD	5767325	wordpools/all_items.txt	LTP454	NiclsCourierReadOnly	0	1	n/a	WEIGHT	-1	n/a	n/a	n/a
2817.83837890625	n/a	FFR_REC_WORD	5770933	wordpools/all_items.txt	LTP454	NiclsCourierReadOnly	0	1	n/a	HOT_CHOCOLATE	112	n/a	n/a	n/a
2819.4501953125	n/a	FFR_REC_WORD_VV	5774234	wordpools/all_items.txt	LTP454	NiclsCourierReadOnly	0	1	n/a	<>	-1	n/a	n/a	n/a
2820.0654296875	n/a	FFR_REC_WORD	5775494	wordpools/all_items.txt	LTP454	NiclsCourierReadOnly	0	1	n/a	SCREWS	189	hardware_store	59.3125	-9.203125
2820.96337890625	n/a	FFR_REC_WORD	5777333	wordpools/all_items.txt	LTP454	NiclsCourierReadOnly	0	1	n/a	DUMBELLS	74	n/a	n/a	n/a
2822.30810546875	n/a	FFR_REC_WORD	5780087	wordpools/all_items.txt	LTP454	NiclsCourierReadOnly	0	1	n/a	WEIGHT	-1	n/a	n/a	n/a
2824.09814453125	n/a	FFR_REC_WORD	5783753	wordpools/all_items.txt	LTP454	NiclsCourierReadOnly	0	1	n/a	PROTEIN_SHAKES	164	gym	-60.0	-11.5
2828.86669921875	n/a	FFR_REC_WORD	5793519	wordpools/all_items.txt	LTP454	NiclsCourierReadOnly	0	1	n/a	EARRINGS	76	jewelry_store	35.40625	-33.09375
2829.66845703125	n/a	FFR_REC_WORD	5795161	wordpools/all_items.txt	LTP454	NiclsCourierReadOnly	0	1	n/a	SQUASH	-1	n/a	n/a	n/a
2831.1552734375	n/a	FFR_REC_WORD	5798206	wordpools/all_items.txt	LTP454	NiclsCourierReadOnly	0	1	n/a	CONSTRUCTION_PAPER	55	craft_shop	-29.59375	-37.1875
2832.37646484375	n/a	FFR_REC_WORD	5800707	wordpools/all_items.txt	LTP454	NiclsCourierReadOnly	0	1	n/a	NUTS	-1	n/a	n/a	n/a
2832.71826171875	n/a	FFR_REC_WORD	5801407	wordpools/all_items.txt	LTP454	NiclsCourierReadOnly	0	1	n/a	BOLTS	25	n/a	n/a	n/a
2832.76806640625	n/a	FFR_REC_WORD	5801509	wordpools/all_items.txt	LTP454	NiclsCourierReadOnly	0	1	n/a	PLATINUM	161	n/a	n/a	n/a
2833.41015625	n/a	FFR_REC_WORD	5802824	wordpools/all_items.txt	LTP454	NiclsCourierReadOnly	0	1	n/a	NAILGUN	138	n/a	n/a	n/a
2836.046875	n/a	FFR_REC_WORD	5808224	wordpools/all_items.txt	LTP454	NiclsCourierReadOnly	0	1	n/a	ORCHIDS	148	florist	36.6875	59.09375
2843.70947265625	n/a	FFR_REC_WORD	5823917	wordpools/all_items.txt	LTP454	NiclsCourierReadOnly	0	1	n/a	POTS	163	florist	36.6875	59.09375
2846.361328125	n/a	FFR_REC_WORD	5829348	wordpools/all_items.txt	LTP454	NiclsCourierReadOnly	0	1	n/a	EARRINGS	76	jewelry_store	35.40625	-33.09375
2847.1630859375	n/a	FFR_REC_WORD	5830990	wordpools/all_items.txt	LTP454	NiclsCourierReadOnly	0	1	n/a	WATCH	231	jewelry_store	35.40625	-33.09375
2847.880859375	n/a	FFR_REC_WORD	5832460	wordpools/all_items.txt	LTP454	NiclsCourierReadOnly	0	1	n/a	SAPPHIRE	182	n/a	n/a	n/a
2848.69970703125	n/a	FFR_REC_WORD	5834137	wordpools/all_items.txt	LTP454	NiclsCourierReadOnly	0	1	n/a	PLATINUM	161	n/a	n/a	n/a
2864.400390625	n/a	FFR_REC_WORD	5866292	wordpools/all_items.txt	LTP454	NiclsCourierReadOnly	0	1	n/a	CUCUMBER	-1	n/a	n/a	n/a
2869.326171875	n/a	FFR_REC_WORD	5876380	wordpools/all_items.txt	LTP454	NiclsCourierReadOnly	0	1	n/a	DRUM_SET	73	music_store	14.5	-33.6875
2870.10400390625	n/a	FFR_REC_WORD	5877973	wordpools/all_items.txt	LTP454	NiclsCourierReadOnly	0	1	n/a	XYLOPHONE	236	n/a	n/a	n/a
2874.0947265625	n/a	FFR_REC_WORD	5886146	wordpools/all_items.txt	LTP454	NiclsCourierReadOnly	0	1	n/a	GUITAR_STRINGS	98	n/a	n/a	n/a
2882.3740234375	n/a	FFR_STOP	5903102	n/a	LTP454	NiclsCourierReadOnly	0	1	2	n/a	n/a	n/a	n/a	n/a
2883.17724609375	n/a	BREAK_START	5904747	n/a	LTP454	NiclsCourierReadOnly	0	1	2	n/a	n/a	n/a	n/a	n/a
2962.2333984375	n/a	BREAK_STOP	6066654	n/a	LTP454	NiclsCourierReadOnly	0	1	2	n/a	n/a	n/a	n/a	n/a
2962.234375	n/a	MOVIE_START	6066656	n/a	LTP454	NiclsCourierReadOnly	0	movie	2	n/a	n/a	n/a	n/a	n/a
3448.24267578125	n/a	MOVIE_STOP	7062001	n/a	LTP454	NiclsCourierReadOnly	0	2	2	n/a	n/a	n/a	n/a	n/a
3448.24365234375	n/a	STORE_MAPPINGS	7062003	n/a	LTP454	NiclsCourierReadOnly	0	2	2	n/a	n/a	n/a	n/a	n/a
3455.81005859375	n/a	TL_START	7077499	n/a	LTP454	NiclsCourierReadOnly	0	2	2	n/a	n/a	n/a	n/a	n/a
3468.341796875	n/a	POINTER_ON	7103164	n/a	LTP454	NiclsCourierReadOnly	0	2	2	n/a	n/a	n/a	n/a	n/a
3700.3056640625	n/a	TL_END	7578226	n/a	LTP454	NiclsCourierReadOnly	0	2	2	n/a	n/a	n/a	n/a	n/a
3717.85595703125	n/a	TRIAL_START	7614169	n/a	LTP454	NiclsCourierReadOnly	0	2	0	n/a	n/a	n/a	n/a	n/a
3719.11962890625	n/a	WORD	7616757	wordpools/all_items.txt	LTP454	NiclsCourierReadOnly	0	2	3	KARAOKE_MACHINE	n/a	toy_store	14.6015625	-58.8125
3729.52001953125	n/a	WORD	7638057	wordpools/all_items.txt	LTP454	NiclsCourierReadOnly	0	2	3	GUINEA_PIG	n/a	pet_store	26.5	17.0
3743.1357421875	n/a	POINTER_ON	7665942	n/a	LTP454	NiclsCourierReadOnly	0	2	3	n/a	n/a	n/a	n/a	n/a
3750.951171875	n/a	WORD	7681948	wordpools/all_items.txt	LTP454	NiclsCourierReadOnly	0	2	3	XYLOPHONE	n/a	music_store	14.5	-33.6875
3764.56689453125	n/a	POINTER_ON	7709833	n/a	LTP454	NiclsCourierReadOnly	0	2	3	n/a	n/a	n/a	n/a	n/a
3773.41650390625	n/a	WORD	7727957	wordpools/all_items.txt	LTP454	NiclsCourierReadOnly	0	2	3	HAIR_SPRAY	n/a	barber_shop	-39.0	-61.90625
3784.94921875	n/a	WORD	7751576	wordpools/all_items.txt	LTP454	NiclsCourierReadOnly	0	2	3	LEVEL	n/a	hardware_store	59.3125	-9.203125
3793.05859375	n/a	WORD	7768184	wordpools/all_items.txt	LTP454	NiclsCourierReadOnly	0	2	3	SOIL	n/a	florist	36.6875	59.09375
3805.2138671875	n/a	WORD	7793078	wordpools/all_items.txt	LTP454	NiclsCourierReadOnly	0	2	3	PEARLS	n/a	jewelry_store	35.40625	-33.09375
3814.212890625	n/a	WORD	7811508	wordpools/all_items.txt	LTP454	NiclsCourierReadOnly	0	2	3	THREAD	n/a	craft_shop	-29.59375	-37.1875
3826.49462890625	n/a	WORD	7836661	wordpools/all_items.txt	LTP454	NiclsCourierReadOnly	0	2	3	MOZZARELLA	n/a	pizzeria	-9.1015625	17.90625
3840.11083984375	n/a	POINTER_ON	7864547	n/a	LTP454	NiclsCourierReadOnly	0	2	3	n/a	n/a	n/a	n/a	n/a
3846.193359375	n/a	WORD	7877004	wordpools/all_items.txt	LTP454	NiclsCourierReadOnly	0	2	3	TANK_TOP	n/a	clothing_store	-3.099609375	-58.5
3859.80908203125	n/a	POINTER_ON	7904889	n/a	LTP454	NiclsCourierReadOnly	0	2	3	n/a	n/a	n/a	n/a	n/a
3865.0244140625	n/a	WORD	7915570	wordpools/all_items.txt	LTP454	NiclsCourierReadOnly	0	2	3	COFFEE	n/a	cafe	-14.296875	-12.8984375
3873.39111328125	n/a	WORD	7932705	wordpools/all_items.txt	LTP454	NiclsCourierReadOnly	0	2	3	CHOCOLATE_CHIPS	n/a	bakery	62.3125	-33.5
3886.08984375	n/a	WORD	7958712	wordpools/all_items.txt	LTP454	NiclsCourierReadOnly	0	2	3	TOOTHBRUSH	n/a	dentist	-31.796875	55.6875
3899.70556640625	n/a	POINTER_ON	7986597	n/a	LTP454	NiclsCourierReadOnly	0	2	3	n/a	n/a	n/a	n/a	n/a
3906.22119140625	n/a	WORD	7999941	wordpools/all_items.txt	LTP454	NiclsCourierReadOnly	0	2	3	TRAINING_WHEELS	n/a	bike_shop	35.09375	26.703125
3919.8369140625	n/a	POINTER_ON	8027826	n/a	LTP454	NiclsCourierReadOnly	0	2	3	n/a	n/a	n/a	n/a	n/a
3921.86962890625	n/a	WORD	8031989	wordpools/all_items.txt	LTP454	NiclsCourierReadOnly	0	2	3	GRAPES	n/a	grocery_store	32.1875	-60.90625
3928.88720703125	n/a	TRIAL_END	8046361	n/a	LTP454	NiclsCourierReadOnly	0	2	3	n/a	n/a	n/a	n/a	n/a
3939.91845703125	n/a	REC_START	8068953	n/a	LTP454	NiclsCourierReadOnly	0	2	3	n/a	n/a	n/a	n/a	n/a
3945.7158203125	n/a	REC_WORD	8080826	wordpools/all_items.txt	LTP454	NiclsCourierReadOnly	0	2	3	GRAPES	95	grocery_store	32.1875	-60.90625
3948.24462890625	n/a	REC_WORD	8086005	wordpools/all_items.txt	LTP454	NiclsCourierReadOnly	0	2	3	TOOTHBRUSH	220	dentist	-31.796875	55.6875
3949.80029296875	n/a	REC_WORD	8089191	wordpools/all_items.txt	LTP454	NiclsCourierReadOnly	0	2	3	LEVEL	121	hardware_store	59.3125	-9.203125
3951.982421875	n/a	REC_WORD	8093660	wordpools/all_items.txt	LTP454	NiclsCourierReadOnly	0	2	3	DOUGH	70	n/a	n/a	n/a
3955.3408203125	n/a	REC_WORD	8100538	wordpools/all_items.txt	LTP454	NiclsCourierReadOnly	0	2	3	COFFEE	49	cafe	-14.296875	-12.8984375
3966.05126953125	n/a	REC_WORD	8122473	wordpools/all_items.txt	LTP454	NiclsCourierReadOnly	0	2	3	XYLOPHONE	236	music_store	14.5	-33.6875
4029.927734375	n/a	REC_STOP	8253292	n/a	LTP454	NiclsCourierReadOnly	0	2	3	n/a	n/a	n/a	n/a	n/a
4038.06103515625	n/a	CUED_REC_CUE	8269949	n/a	LTP454	NiclsCourierReadOnly	0	2	3	GRAPES	n/a	grocery_store	32.1875	-60.90625
4042.1005859375	n/a	CUED_REC_WORD	8278222	wordpools/all_items.txt	LTP454	NiclsCourierReadOnly	0	2	3	FOOD	-1	n/a	n/a	n/a
4042.74365234375	n/a	CUED_REC_STOP	8279539	n/a	LTP454	NiclsCourierReadOnly	0	2	3	n/a	n/a	n/a	n/a	n/a
4044.6943359375	n/a	CUED_REC_CUE	8283534	n/a	LTP454	NiclsCourierReadOnly	0	2	3	SOIL	n/a	florist	36.6875	59.09375
4047.55322265625	n/a	CUED_REC_WORD	8289389	wordpools/all_items.txt	LTP454	NiclsCourierReadOnly	0	2	3	POTS	163	n/a	n/a	n/a
4048.37646484375	n/a	CUED_REC_STOP	8291075	n/a	LTP454	NiclsCourierReadOnly	0	2	3	n/a	n/a	n/a	n/a	n/a
4050.54296875	n/a	CUED_REC_CUE	8295512	n/a	LTP454	NiclsCourierReadOnly	0	2	3	MOZZARELLA	n/a	pizzeria	-9.1015625	17.90625
4055.81640625	n/a	CUED_REC_WORD	8306312	wordpools/all_items.txt	LTP454	NiclsCourierReadOnly	0	2	3	PIZZA	-1	n/a	n/a	n/a
4056.3583984375	n/a	CUED_REC_STOP	8307422	n/a	LTP454	NiclsCourierReadOnly	0	2	3	n/a	n/a	n/a	n/a	n/a
4058.326171875	n/a	CUED_REC_CUE	8311452	n/a	LTP454	NiclsCourierReadOnly	0	2	3	CHOCOLATE_CHIPS	n/a	bakery	62.3125	-33.5
4060.0224609375	n/a	CUED_REC_WORD	8314926	wordpools/all_items.txt	LTP454	NiclsCourierReadOnly	0	2	3	BREAD	29	n/a	n/a	n/a
4060.4921875	n/a	CUED_REC_STOP	8315888	n/a	LTP454	NiclsCourierReadOnly	0	2	3	n/a	n/a	n/a	n/a	n/a
4062.25927734375	n/a	CUED_REC_CUE	8319507	n/a	LTP454	NiclsCourierReadOnly	0	2	3	COFFEE	n/a	cafe	-14.296875	-12.8984375
4063.36181640625	n/a	CUED_REC_WORD	8321765	wordpools/all_items.txt	LTP454	NiclsCourierReadOnly	0	2	3	COFFEE	49	n/a	n/a	n/a
4064.30810546875	n/a	CUED_REC_STOP	8323703	n/a	LTP454	NiclsCourierReadOnly	0	2	3	n/a	n/a	n/a	n/a	n/a
4066.4267578125	n/a	CUED_REC_CUE	8328042	n/a	LTP454	NiclsCourierReadOnly	0	2	3	TANK_TOP	n/a	clothing_store	-3.099609375	-58.5
4068.54150390625	n/a	CUED_REC_STOP	8332373	n/a	LTP454	NiclsCourierReadOnly	0	2	3	n/a	n/a	n/a	n/a	n/a
4068.54345703125	n/a	CUED_REC_WORD_VV	8332377	wordpools/all_items.txt	LTP454	NiclsCourierReadOnly	0	2	3	<>	-1	n/a	n/a	n/a
4070.30859375	n/a	CUED_REC_CUE	8335992	n/a	LTP454	NiclsCourierReadOnly	0	2	3	HAIR_SPRAY	n/a	barber_shop	-39.0	-61.90625
4075.45703125	n/a	CUED_REC_WORD_VV	8346536	wordpools/all_items.txt	LTP454	NiclsCourierReadOnly	0	2	3	<>	-1	n/a	n/a	n/a
4075.45703125	n/a	CUED_REC_STOP	8346536	n/a	LTP454	NiclsCourierReadOnly	0	2	3	n/a	n/a	n/a	n/a	n/a
4077.65771484375	n/a	CUED_REC_CUE	8351043	n/a	LTP454	NiclsCourierReadOnly	0	2	3	THREAD	n/a	craft_shop	-29.59375	-37.1875
4079.3515625	n/a	CUED_REC_WORD	8354512	wordpools/all_items.txt	LTP454	NiclsCourierReadOnly	0	2	3	LEVEL	121	n/a	n/a	n/a
4080.17333984375	n/a	CUED_REC_STOP	8356195	n/a	LTP454	NiclsCourierReadOnly	0	2	3	n/a	n/a	n/a	n/a	n/a
4082.1416015625	n/a	CUED_REC_CUE	8360226	n/a	LTP454	NiclsCourierReadOnly	0	2	3	PEARLS	n/a	jewelry_store	35.40625	-33.09375
4086.33984375	n/a	CUED_REC_WORD	8368824	wordpools/all_items.txt	LTP454	NiclsCourierReadOnly	0	2	3	WATCH	231	n/a	n/a	n/a
4086.93994140625	n/a	CUED_REC_STOP	8370053	n/a	LTP454	NiclsCourierReadOnly	0	2	3	n/a	n/a	n/a	n/a	n/a
4088.99072265625	n/a	CUED_REC_CUE	8374253	n/a	LTP454	NiclsCourierReadOnly	0	2	3	TRAINING_WHEELS	n/a	bike_shop	35.09375	26.703125
4091.66064453125	n/a	CUED_REC_WORD	8379721	wordpools/all_items.txt	LTP454	NiclsCourierReadOnly	0	2	3	TRAINING_WHEELS	225	n/a	n/a	n/a
4092.53955078125	n/a	CUED_REC_STOP	8381521	n/a	LTP454	NiclsCourierReadOnly	0	2	3	n/a	n/a	n/a	n/a	n/a
4094.67333984375	n/a	CUED_REC_CUE	8385891	n/a	LTP454	NiclsCourierReadOnly	0	2	3	XYLOPHONE	n/a	music_store	14.5	-33.6875
4097.17724609375	n/a	CUED_REC_WORD	8391019	wordpools/all_items.txt	LTP454	NiclsCourierReadOnly	0	2	3	XYLOPHONE	236	n/a	n/a	n/a
4098.22314453125	n/a	CUED_REC_STOP	8393161	n/a	LTP454	NiclsCourierReadOnly	0	2	3	n/a	n/a	n/a	n/a	n/a
4100.4228515625	n/a	CUED_REC_CUE	8397666	n/a	LTP454	NiclsCourierReadOnly	0	2	3	GUINEA_PIG	n/a	pet_store	26.5	17.0
4105.76953125	n/a	CUED_REC_WORD	8408616	wordpools/all_items.txt	LTP454	NiclsCourierReadOnly	0	2	3	DOG FOOD	-1	n/a	n/a	n/a
4106.4375	n/a	CUED_REC_STOP	8409984	n/a	LTP454	NiclsCourierReadOnly	0	2	3	n/a	n/a	n/a	n/a	n/a
4108.455078125	n/a	CUED_REC_CUE	8414116	n/a	LTP454	NiclsCourierReadOnly	0	2	3	TOOTHBRUSH	n/a	dentist	-31.796875	55.6875
4112.65673828125	n/a	CUED_REC_WORD	8422721	wordpools/all_items.txt	LTP454	NiclsCourierReadOnly	0	2	3	TOOTHBRUSH	220	n/a	n/a	n/a
4113.73681640625	n/a	CUED_REC_STOP	8424933	n/a	LTP454	NiclsCourierReadOnly	0	2	3	n/a	n/a	n/a	n/a	n/a
4115.6376953125	n/a	CUED_REC_CUE	8428826	n/a	LTP454	NiclsCourierReadOnly	0	2	3	KARAOKE_MACHINE	n/a	toy_store	14.6015625	-58.8125
4119.0205078125	n/a	CUED_REC_WORD	8435754	wordpools/all_items.txt	LTP454	NiclsCourierReadOnly	0	2	3	STUFFED_ANIMAL	204	n/a	n/a	n/a
4120.05419921875	n/a	CUED_REC_STOP	8437871	n/a	LTP454	NiclsCourierReadOnly	0	2	3	n/a	n/a	n/a	n/a	n/a
4122.02099609375	n/a	CUED_REC_CUE	8441899	n/a	LTP454	NiclsCourierReadOnly	0	2	3	LEVEL	n/a	hardware_store	59.3125	-9.203125
4124.11181640625	n/a	CUED_REC_WORD	8446181	wordpools/all_items.txt	LTP454	NiclsCourierReadOnly	0	2	3	LEVEL	121	n/a	n/a	n/a
4124.86962890625	n/a	CUED_REC_STOP	8447733	n/a	LTP454	NiclsCourierReadOnly	0	2	3	n/a	n/a	n/a	n/a	n/a
4129.6533203125	n/a	TRIAL_START	8457530	n/a	LTP454	NiclsCourierReadOnly	0	2	1	n/a	n/a	n/a	n/a	n/a
4141.66845703125	n/a	POINTER_ON	8482137	n/a	LTP454	NiclsCourierReadOnly	0	2	1	n/a	n/a	n/a	n/a	n/a
4157.60107421875	n/a	WORD	8514767	wordpools/all_items.txt	LTP454	NiclsCourierReadOnly	0	2	4	COLD_CUTS	n/a	grocery_store	32.1875	-60.90625
4171.22705078125	n/a	POINTER_ON	8542673	n/a	LTP454	NiclsCourierReadOnly	0	2	4	n/a	n/a	n/a	n/a	n/a
4174.78173828125	n/a	WORD	8549953	wordpools/all_items.txt	LTP454	NiclsCourierReadOnly	0	2	4	DUMBELLS	n/a	gym	-60.0	-11.5
4183.6318359375	n/a	WORD	8568078	wordpools/all_items.txt	LTP454	NiclsCourierReadOnly	0	2	4	LEGOS	n/a	toy_store	14.6015625	-58.8125
4197.263671875	n/a	POINTER_ON	8595996	n/a	LTP454	NiclsCourierReadOnly	0	2	4	n/a	n/a	n/a	n/a	n/a
4203.1630859375	n/a	WORD	8608078	wordpools/all_items.txt	LTP454	NiclsCourierReadOnly	0	2	4	CHRYSANTHEMUM	n/a	florist	36.6875	59.09375
4216.794921875	n/a	POINTER_ON	8635996	n/a	LTP454	NiclsCourierReadOnly	0	2	4	n/a	n/a	n/a	n/a	n/a
4219.7958984375	n/a	WORD	8642142	wordpools/all_items.txt	LTP454	NiclsCourierReadOnly	0	2	4	BUNNY	n/a	pet_store	26.5	17.0
4233.41064453125	n/a	POINTER_ON	8670025	n/a	LTP454	NiclsCourierReadOnly	0	2	4	n/a	n/a	n/a	n/a	n/a
4234.9775390625	n/a	WORD	8673234	wordpools/all_items.txt	LTP454	NiclsCourierReadOnly	0	2	4	FLUORIDE	n/a	dentist	-31.796875	55.6875
4245.2265625	n/a	WORD	8694224	wordpools/all_items.txt	LTP454	NiclsCourierReadOnly	0	2	4	SHAMPOO	n/a	barber_shop	-39.0	-61.90625
4257.6416015625	n/a	WORD	8719650	wordpools/all_items.txt	LTP454	NiclsCourierReadOnly	0	2	4	ASPIRIN	n/a	pharmacy	58.3125	27.90625
4271.25732421875	n/a	POINTER_ON	8747535	n/a	LTP454	NiclsCourierReadOnly	0	2	4	n/a	n/a	n/a	n/a	n/a
4282.5576171875	n/a	WORD	8770678	wordpools/all_items.txt	LTP454	NiclsCourierReadOnly	0	2	4	EMERALD	n/a	jewelry_store	35.40625	-33.09375
4296.1884765625	n/a	POINTER_ON	8798594	n/a	LTP454	NiclsCourierReadOnly	0	2	4	n/a	n/a	n/a	n/a	n/a
4306.638671875	n/a	WORD	8819996	wordpools/all_items.txt	LTP454	NiclsCourierReadOnly	0	2	4	HALF-AND-HALF	n/a	cafe	-14.296875	-12.8984375
4314.12109375	n/a	WORD	8835320	wordpools/all_items.txt	LTP454	NiclsCourierReadOnly	0	2	4	NAILGUN	n/a	hardware_store	59.3125	-9.203125
4327.02001953125	n/a	WORD	8861737	wordpools/all_items.txt	LTP454	NiclsCourierReadOnly	0	2	4	TIE	n/a	clothing_store	-3.099609375	-58.5
4340.6357421875	n/a	POINTER_ON	8889622	n/a	LTP454	NiclsCourierReadOnly	0	2	4	n/a	n/a	n/a	n/a	n/a
4344.984375	n/a	WORD	8898528	wordpools/all_items.txt	LTP454	NiclsCourierReadOnly	0	2	4	AMPLIFIER	n/a	music_store	14.5	-33.6875
4359.5	n/a	WORD	8928256	wordpools/all_items.txt	LTP454	NiclsCourierReadOnly	0	2	4	GARLIC	n/a	pizzeria	-9.1015625	17.90625
4373.1318359375	n/a	POINTER_ON	8956174	n/a	LTP454	NiclsCourierReadOnly	0	2	4	n/a	n/a	n/a	n/a	n/a
4378.79931640625	n/a	WORD	8967781	wordpools/all_items.txt	LTP454	NiclsCourierReadOnly	0	2	4	CAKE	n/a	bakery	62.3125	-33.5
4397.8798828125	n/a	TRIAL_END	9006858	n/a	LTP454	NiclsCourierReadOnly	0	2	4	n/a	n/a	n/a	n/a	n/a
4408.89697265625	n/a	REC_START	9029421	n/a	LTP454	NiclsCourierReadOnly	0	2	4	n/a	n/a	n/a	n/a	n/a
4414.54833984375	n/a	REC_WORD	9040995	wordpools/all_items.txt	LTP454	NiclsCourierReadOnly	0	2	4	CAKE	34	bakery	62.3125	-33.5
4415.62255859375	n/a	REC_WORD	9043195	wordpools/all_items.txt	LTP454	NiclsCourierReadOnly	0	2	4	BUNNY	32	pet_store	26.5	17.0
4418.3583984375	n/a	REC_WORD	9048798	wordpools/all_items.txt	LTP454	NiclsCourierReadOnly	0	2	4	NAILGUN	138	hardware_store	59.3125	-9.203125
4421.748046875	n/a	REC_WORD	9055740	wordpools/all_items.txt	LTP454	NiclsCourierReadOnly	0	2	4	DUMBELLS	74	gym	-60.0	-11.5
4428.7685546875	n/a	REC_WORD	9070118	wordpools/all_items.txt	LTP454	NiclsCourierReadOnly	0	2	4	AMPLIFIER	5	music_store	14.5	-33.6875
4438.21533203125	n/a	REC_WORD	9089465	wordpools/all_items.txt	LTP454	NiclsCourierReadOnly	0	2	4	FLOSS	86	n/a	n/a	n/a
4462.8232421875	n/a	REC_WORD	9139862	wordpools/all_items.txt	LTP454	NiclsCourierReadOnly	0	2	4	STRAMBOLLI	-1	n/a	n/a	n/a
4498.9052734375	n/a	REC_STOP	9213758	n/a	LTP454	NiclsCourierReadOnly	0	2	4	n/a	n/a	n/a	n/a	n/a
4507.4384765625	n/a	CUED_REC_CUE	9231234	n/a	LTP454	NiclsCourierReadOnly	0	2	4	CAKE	n/a	bakery	62.3125	-33.5
4511.38720703125	n/a	CUED_REC_WORD	9239321	wordpools/all_items.txt	LTP454	NiclsCourierReadOnly	0	2	4	YEAST	-1	n/a	n/a	n/a
4511.8701171875	n/a	CUED_REC_STOP	9240310	n/a	LTP454	NiclsCourierReadOnly	0	2	4	n/a	n/a	n/a	n/a	n/a
4514.08935546875	n/a	CUED_REC_CUE	9244855	n/a	LTP454	NiclsCourierReadOnly	0	2	4	DUMBELLS	n/a	gym	-60.0	-11.5
4515.39501953125	n/a	CUED_REC_WORD	9247529	wordpools/all_items.txt	LTP454	NiclsCourierReadOnly	0	2	4	DUMBELLS	74	n/a	n/a	n/a
4516.537109375	n/a	CUED_REC_STOP	9249868	n/a	LTP454	NiclsCourierReadOnly	0	2	4	n/a	n/a	n/a	n/a	n/a
4518.65478515625	n/a	CUED_REC_CUE	9254205	n/a	LTP454	NiclsCourierReadOnly	0	2	4	NAILGUN	n/a	hardware_store	59.3125	-9.203125
4521.556640625	n/a	CUED_REC_WORD	9260148	wordpools/all_items.txt	LTP454	NiclsCourierReadOnly	0	2	4	NAILGUN	138	n/a	n/a	n/a
4522.95361328125	n/a	CUED_REC_STOP	9263009	n/a	LTP454	NiclsCourierReadOnly	0	2	4	n/a	n/a	n/a	n/a	n/a
4525.18798828125	n/a	CUED_REC_CUE	9267585	n/a	LTP454	NiclsCourierReadOnly	0	2	4	TIE	n/a	clothing_store	-3.099609375	-58.5
4526.76025390625	n/a	CUED_REC_WORD	9270805	wordpools/all_items.txt	LTP454	NiclsCourierReadOnly	0	2	4	TIE	216	n/a	n/a	n/a
4527.40283203125	n/a	CUED_REC_STOP	9272121	n/a	LTP454	NiclsCourierReadOnly	0	2	4	n/a	n/a	n/a	n/a	n/a
4529.2197265625	n/a	CUED_REC_CUE	9275842	n/a	LTP454	NiclsCourierReadOnly	0	2	4	FLUORIDE	n/a	dentist	-31.796875	55.6875
4532.46875	n/a	CUED_REC_WORD_VV	9282496	wordpools/all_items.txt	LTP454	NiclsCourierReadOnly	0	2	4	<>	-1	n/a	n/a	n/a
4532.46875	n/a	CUED_REC_STOP	9282496	n/a	LTP454	NiclsCourierReadOnly	0	2	4	n/a	n/a	n/a	n/a	n/a
4534.63720703125	n/a	CUED_REC_CUE	9286937	n/a	LTP454	NiclsCourierReadOnly	0	2	4	HALF-AND-HALF	n/a	cafe	-14.296875	-12.8984375
4536.58544921875	n/a	CUED_REC_WORD	9290927	wordpools/all_items.txt	LTP454	NiclsCourierReadOnly	0	2	4	COFFEE	49	n/a	n/a	n/a
4537.119140625	n/a	CUED_REC_STOP	9292020	n/a	LTP454	NiclsCourierReadOnly	0	2	4	n/a	n/a	n/a	n/a	n/a
4539.1689453125	n/a	CUED_REC_CUE	9296218	n/a	LTP454	NiclsCourierReadOnly	0	2	4	LEGOS	n/a	toy_store	14.6015625	-58.8125
4544.58447265625	n/a	CUED_REC_WORD_VV	9307309	wordpools/all_items.txt	LTP454	NiclsCourierReadOnly	0	2	4	<>	-1	n/a	n/a	n/a
4544.58447265625	n/a	CUED_REC_STOP	9307309	n/a	LTP454	NiclsCourierReadOnly	0	2	4	n/a	n/a	n/a	n/a	n/a
4546.38525390625	n/a	CUED_REC_CUE	9310997	n/a	LTP454	NiclsCourierReadOnly	0	2	4	CHRYSANTHEMUM	n/a	florist	36.6875	59.09375
4548.5341796875	n/a	CUED_REC_WORD_VV	9315398	wordpools/all_items.txt	LTP454	NiclsCourierReadOnly	0	2	4	<>	-1	n/a	n/a	n/a
4548.5341796875	n/a	CUED_REC_STOP	9315398	n/a	LTP454	NiclsCourierReadOnly	0	2	4	n/a	n/a	n/a	n/a	n/a
4550.48486328125	n/a	CUED_REC_CUE	9319393	n/a	LTP454	NiclsCourierReadOnly	0	2	4	GARLIC	n/a	pizzeria	-9.1015625	17.90625
4554.6806640625	n/a	CUED_REC_WORD	9327986	wordpools/all_items.txt	LTP454	NiclsCourierReadOnly	0	2	4	BASIL	17	n/a	n/a	n/a
4555.1337890625	n/a	CUED_REC_STOP	9328914	n/a	LTP454	NiclsCourierReadOnly	0	2	4	n/a	n/a	n/a	n/a	n/a
4557.16748046875	n/a	CUED_REC_CUE	9333079	n/a	LTP454	NiclsCourierReadOnly	0	2	4	SHAMPOO	n/a	barber_shop	-39.0	-61.90625
4558.896484375	n/a	CUED_REC_WORD	9336620	wordpools/all_items.txt	LTP454	NiclsCourierReadOnly	0	2	4	SHAMPOO	191	n/a	n/a	n/a
4559.60009765625	n/a	CUED_REC_STOP	9338061	n/a	LTP454	NiclsCourierReadOnly	0	2	4	n/a	n/a	n/a	n/a	n/a
4561.55126953125	n/a	CUED_REC_CUE	9342057	n/a	LTP454	NiclsCourierReadOnly	0	2	4	EMERALD	n/a	jewelry_store	35.40625	-33.09375
4567.5654296875	n/a	CUED_REC_STOP	9354374	n/a	LTP454	NiclsCourierReadOnly	0	2	4	n/a	n/a	n/a	n/a	n/a
4567.56689453125	n/a	CUED_REC_WORD_VV	9354377	wordpools/all_items.txt	LTP454	NiclsCourierReadOnly	0	2	4	<>	-1	n/a	n/a	n/a
4569.36669921875	n/a	CUED_REC_CUE	9358063	n/a	LTP454	NiclsCourierReadOnly	0	2	4	ASPIRIN	n/a	pharmacy	58.3125	27.90625
4571.62939453125	n/a	CUED_REC_WORD	9362697	wordpools/all_items.txt	LTP454	NiclsCourierReadOnly	0	2	4	BANDAIDS	-1	n/a	n/a	n/a
4572.248046875	n/a	CUED_REC_STOP	9363964	n/a	LTP454	NiclsCourierReadOnly	0	2	4	n/a	n/a	n/a	n/a	n/a
4574.38330078125	n/a	CUED_REC_CUE	9368337	n/a	LTP454	NiclsCourierReadOnly	0	2	4	AMPLIFIER	n/a	music_store	14.5	-33.6875
4577.9677734375	n/a	CUED_REC_WORD	9375678	wordpools/all_items.txt	LTP454	NiclsCourierReadOnly	0	2	4	AMPLIFIER	5	n/a	n/a	n/a
4578.56494140625	n/a	CUED_REC_STOP	9376901	n/a	LTP454	NiclsCourierReadOnly	0	2	4	n/a	n/a	n/a	n/a	n/a
4580.3984375	n/a	CUED_REC_CUE	9380656	n/a	LTP454	NiclsCourierReadOnly	0	2	4	BUNNY	n/a	pet_store	26.5	17.0
4581.91552734375	n/a	CUED_REC_WORD	9383763	wordpools/all_items.txt	LTP454	NiclsCourierReadOnly	0	2	4	BUNNY	32	n/a	n/a	n/a
4582.41455078125	n/a	CUED_REC_STOP	9384785	n/a	LTP454	NiclsCourierReadOnly	0	2	4	n/a	n/a	n/a	n/a	n/a
4584.2822265625	n/a	CUED_REC_CUE	9388610	n/a	LTP454	NiclsCourierReadOnly	0	2	4	COLD_CUTS	n/a	grocery_store	32.1875	-60.90625
4590.296875	n/a	CUED_REC_STOP	9400928	n/a	LTP454	NiclsCourierReadOnly	0	2	4	n/a	n/a	n/a	n/a	n/a
4590.2978515625	n/a	CUED_REC_WORD_VV	9400930	wordpools/all_items.txt	LTP454	NiclsCourierReadOnly	0	2	4	<>	-1	n/a	n/a	n/a
4596.71435546875	n/a	TRIAL_START	9414071	n/a	LTP454	NiclsCourierReadOnly	0	2	2	n/a	n/a	n/a	n/a	n/a
4606.33056640625	n/a	WORD	9433765	wordpools/all_items.txt	LTP454	NiclsCourierReadOnly	0	2	5	BOLTS	n/a	hardware_store	59.3125	-9.203125
4619.9453125	n/a	POINTER_ON	9461648	n/a	LTP454	NiclsCourierReadOnly	0	2	5	n/a	n/a	n/a	n/a	n/a
4628.57763671875	n/a	WORD	9479327	wordpools/all_items.txt	LTP454	NiclsCourierReadOnly	0	2	5	YOYO	n/a	toy_store	14.6015625	-58.8125
4642.693359375	n/a	WORD	9508236	wordpools/all_items.txt	LTP454	NiclsCourierReadOnly	0	2	5	EAR_PLUGS	n/a	pharmacy	58.3125	27.90625
4656.30810546875	n/a	POINTER_ON	9536119	n/a	LTP454	NiclsCourierReadOnly	0	2	5	n/a	n/a	n/a	n/a	n/a
4665.55859375	n/a	WORD	9555064	wordpools/all_items.txt	LTP454	NiclsCourierReadOnly	0	2	5	ORANGE_JUICE	n/a	grocery_store	32.1875	-60.90625
4679.1904296875	n/a	POINTER_ON	9582982	n/a	LTP454	NiclsCourierReadOnly	0	2	5	n/a	n/a	n/a	n/a	n/a
4682.7900390625	n/a	WORD	9590354	wordpools/all_items.txt	LTP454	NiclsCourierReadOnly	0	2	5	DENTIST'S_CHAIR	n/a	dentist	-31.796875	55.6875
4696.421875	n/a	POINTER_ON	9618272	n/a	LTP454	NiclsCourierReadOnly	0	2	5	n/a	n/a	n/a	n/a	n/a
4708.0546875	n/a	WORD	9642096	wordpools/all_items.txt	LTP454	NiclsCourierReadOnly	0	2	5	PEONIES	n/a	florist	36.6875	59.09375
4721.6708984375	n/a	POINTER_ON	9669982	n/a	LTP454	NiclsCourierReadOnly	0	2	5	n/a	n/a	n/a	n/a	n/a
4729.0361328125	n/a	WORD	9685066	wordpools/all_items.txt	LTP454	NiclsCourierReadOnly	0	2	5	MUFFINS	n/a	bakery	62.3125	-33.5
4742.65185546875	n/a	POINTER_ON	9712951	n/a	LTP454	NiclsCourierReadOnly	0	2	5	n/a	n/a	n/a	n/a	n/a
4749.451171875	n/a	WORD	9726876	wordpools/all_items.txt	LTP454	NiclsCourierReadOnly	0	2	5	CANVAS	n/a	craft_shop	-29.59375	-37.1875
4763.06640625	n/a	POINTER_ON	9754760	n/a	LTP454	NiclsCourierReadOnly	0	2	5	n/a	n/a	n/a	n/a	n/a
4776.498046875	n/a	WORD	9782268	wordpools/all_items.txt	LTP454	NiclsCourierReadOnly	0	2	5	CURLING_IRON	n/a	barber_shop	-39.0	-61.90625
4789.22998046875	n/a	WORD	9808343	wordpools/all_items.txt	LTP454	NiclsCourierReadOnly	0	2	5	DIAMOND	n/a	jewelry_store	35.40625	-33.09375
4802.845703125	n/a	POINTER_ON	9836228	n/a	LTP454	NiclsCourierReadOnly	0	2	5	n/a	n/a	n/a	n/a	n/a
4826.9951171875	n/a	WORD	9885686	wordpools/all_items.txt	LTP454	NiclsCourierReadOnly	0	2	5	VOLLEYBALL	n/a	gym	-60.0	-11.5
4839.31005859375	n/a	WORD	9910907	wordpools/all_items.txt	LTP454	NiclsCourierReadOnly	0	2	5	OREGANO	n/a	pizzeria	-9.1015625	17.90625
4846.859375	n/a	WORD	9926368	wordpools/all_items.txt	LTP454	NiclsCourierReadOnly	0	2	5	SCARF	n/a	clothing_store	-3.099609375	-58.5
4855.05859375	n/a	WORD	9943160	wordpools/all_items.txt	LTP454	NiclsCourierReadOnly	0	2	5	HOT_CHOCOLATE	n/a	cafe	-14.296875	-12.8984375
4868.67431640625	n/a	POINTER_ON	9971045	n/a	LTP454	NiclsCourierReadOnly	0	2	5	n/a	n/a	n/a	n/a	n/a
4873.8408203125	n/a	WORD	9981626	wordpools/all_items.txt	LTP454	NiclsCourierReadOnly	0	2	5	VIOLIN	n/a	music_store	14.5	-33.6875
4894.72216796875	n/a	TRIAL_END	10024391	n/a	LTP454	NiclsCourierReadOnly	0	2	5	n/a	n/a	n/a	n/a	n/a
4905.75537109375	n/a	REC_START	10046987	n/a	LTP454	NiclsCourierReadOnly	0	2	5	n/a	n/a	n/a	n/a	n/a
4908.56396484375	n/a	REC_WORD	10052739	wordpools/all_items.txt	LTP454	NiclsCourierReadOnly	0	2	5	VIOLIN	228	music_store	14.5	-33.6875
4909.77294921875	n/a	REC_WORD	10055215	wordpools/all_items.txt	LTP454	NiclsCourierReadOnly	0	2	5	VOLLEYBALL	230	gym	-60.0	-11.5
4914.62060546875	n/a	REC_WORD	10065143	wordpools/all_items.txt	LTP454	NiclsCourierReadOnly	0	2	5	ORANGE_JUICE	147	grocery_store	32.1875	-60.90625
4921.68603515625	n/a	REC_WORD	10079613	wordpools/all_items.txt	LTP454	NiclsCourierReadOnly	0	2	5	DENTIST'S_CHAIR	67	dentist	-31.796875	55.6875
4925.66259765625	n/a	REC_WORD	10087757	wordpools/all_items.txt	LTP454	NiclsCourierReadOnly	0	2	5	HAMMER	104	n/a	n/a	n/a
4929.17236328125	n/a	REC_WORD	10094945	wordpools/all_items.txt	LTP454	NiclsCourierReadOnly	0	2	5	HOT_CHOCOLATE	112	cafe	-14.296875	-12.8984375
4934.0859375	n/a	REC_WORD	10105008	wordpools/all_items.txt	LTP454	NiclsCourierReadOnly	0	2	5	BASIL	17	pizzeria	-9.1015625	17.90625
4943.93212890625	n/a	REC_WORD	10125173	wordpools/all_items.txt	LTP454	NiclsCourierReadOnly	0	2	5	DOG TREATS	-1	n/a	n/a	n/a
4995.7626953125	n/a	REC_STOP	10231322	n/a	LTP454	NiclsCourierReadOnly	0	2	5	n/a	n/a	n/a	n/a	n/a
5004.1640625	n/a	CUED_REC_CUE	10248528	n/a	LTP454	NiclsCourierReadOnly	0	2	5	EAR_PLUGS	n/a	pharmacy	58.3125	27.90625
5007.1689453125	n/a	CUED_REC_WORD	10254682	wordpools/all_items.txt	LTP454	NiclsCourierReadOnly	0	2	5	GAUZE	92	n/a	n/a	n/a
5007.8955078125	n/a	CUED_REC_STOP	10256170	n/a	LTP454	NiclsCourierReadOnly	0	2	5	n/a	n/a	n/a	n/a	n/a
5009.96337890625	n/a	CUED_REC_CUE	10260405	n/a	LTP454	NiclsCourierReadOnly	0	2	5	PEONIES	n/a	florist	36.6875	59.09375
5012.55810546875	n/a	CUED_REC_WORD	10265719	wordpools/all_items.txt	LTP454	NiclsCourierReadOnly	0	2	5	ORCHIDS	148	n/a	n/a	n/a
5012.9462890625	n/a	CUED_REC_STOP	10266514	n/a	LTP454	NiclsCourierReadOnly	0	2	5	n/a	n/a	n/a	n/a	n/a
5014.8291015625	n/a	CUED_REC_CUE	10270370	n/a	LTP454	NiclsCourierReadOnly	0	2	5	DENTIST'S_CHAIR	n/a	dentist	-31.796875	55.6875
5016.35400390625	n/a	CUED_REC_WORD	10273493	wordpools/all_items.txt	LTP454	NiclsCourierReadOnly	0	2	5	DENTIST'S_CHAIR	67	n/a	n/a	n/a
5017.2451171875	n/a	CUED_REC_STOP	10275318	n/a	LTP454	NiclsCourierReadOnly	0	2	5	n/a	n/a	n/a	n/a	n/a
5019.0126953125	n/a	CUED_REC_CUE	10278938	n/a	LTP454	NiclsCourierReadOnly	0	2	5	VOLLEYBALL	n/a	gym	-60.0	-11.5
5020.7607421875	n/a	CUED_REC_WORD	10282518	wordpools/all_items.txt	LTP454	NiclsCourierReadOnly	0	2	5	VOLLEYBALL	230	n/a	n/a	n/a
5021.24462890625	n/a	CUED_REC_STOP	10283509	n/a	LTP454	NiclsCourierReadOnly	0	2	5	n/a	n/a	n/a	n/a	n/a
5023.4453125	n/a	CUED_REC_CUE	10288016	n/a	LTP454	NiclsCourierReadOnly	0	2	5	CURLING_IRON	n/a	barber_shop	-39.0	-61.90625
5025.81103515625	n/a	CUED_REC_WORD	10292861	wordpools/all_items.txt	LTP454	NiclsCourierReadOnly	0	2	5	CONDITIONER	54	n/a	n/a	n/a
5026.611328125	n/a	CUED_REC_STOP	10294500	n/a	LTP454	NiclsCourierReadOnly	0	2	5	n/a	n/a	n/a	n/a	n/a
5028.39501953125	n/a	CUED_REC_CUE	10298153	n/a	LTP454	NiclsCourierReadOnly	0	2	5	ORANGE_JUICE	n/a	grocery_store	32.1875	-60.90625
5030.5439453125	n/a	CUED_REC_STOP	10302554	n/a	LTP454	NiclsCourierReadOnly	0	2	5	n/a	n/a	n/a	n/a	n/a
5030.544921875	n/a	CUED_REC_WORD_VV	10302556	wordpools/all_items.txt	LTP454	NiclsCourierReadOnly	0	2	5	<>	-1	n/a	n/a	n/a
5032.44580078125	n/a	CUED_REC_CUE	10306449	n/a	LTP454	NiclsCourierReadOnly	0	2	5	BOLTS	n/a	hardware_store	59.3125	-9.203125
5035.93115234375	n/a	CUED_REC_WORD	10313587	wordpools/all_items.txt	LTP454	NiclsCourierReadOnly	0	2	5	NAILGUN	138	n/a	n/a	n/a
5036.46044921875	n/a	CUED_REC_STOP	10314671	n/a	LTP454	NiclsCourierReadOnly	0	2	5	n/a	n/a	n/a	n/a	n/a
5038.6943359375	n/a	CUED_REC_CUE	10319246	n/a	LTP454	NiclsCourierReadOnly	0	2	5	CANVAS	n/a	craft_shop	-29.59375	-37.1875
5042.14697265625	n/a	CUED_REC_WORD	10326317	wordpools/all_items.txt	LTP454	NiclsCourierReadOnly	0	2	5	PAPER	-1	n/a	n/a	n/a
5042.7255859375	n/a	CUED_REC_STOP	10327502	n/a	LTP454	NiclsCourierReadOnly	0	2	5	n/a	n/a	n/a	n/a	n/a
5044.96044921875	n/a	CUED_REC_CUE	10332079	n/a	LTP454	NiclsCourierReadOnly	0	2	5	DIAMOND	n/a	jewelry_store	35.40625	-33.09375
5047.822265625	n/a	CUED_REC_WORD	10337940	wordpools/all_items.txt	LTP454	NiclsCourierReadOnly	0	2	5	EARRINGS	76	n/a	n/a	n/a
5048.45947265625	n/a	CUED_REC_STOP	10339245	n/a	LTP454	NiclsCourierReadOnly	0	2	5	n/a	n/a	n/a	n/a	n/a
5050.693359375	n/a	CUED_REC_CUE	10343820	n/a	LTP454	NiclsCourierReadOnly	0	2	5	YOYO	n/a	toy_store	14.6015625	-58.8125
5053.591796875	n/a	CUED_REC_WORD_VV	10349756	wordpools/all_items.txt	LTP454	NiclsCourierReadOnly	0	2	5	<>	-1	n/a	n/a	n/a
5053.591796875	n/a	CUED_REC_STOP	10349756	n/a	LTP454	NiclsCourierReadOnly	0	2	5	n/a	n/a	n/a	n/a	n/a
5055.392578125	n/a	CUED_REC_CUE	10353444	n/a	LTP454	NiclsCourierReadOnly	0	2	5	MUFFINS	n/a	bakery	62.3125	-33.5
5058.43359375	n/a	CUED_REC_WORD	10359672	wordpools/all_items.txt	LTP454	NiclsCourierReadOnly	0	2	5	CROISSANT	61	n/a	n/a	n/a
5059.025390625	n/a	CUED_REC_STOP	10360884	n/a	LTP454	NiclsCourierReadOnly	0	2	5	n/a	n/a	n/a	n/a	n/a
5061.05908203125	n/a	CUED_REC_CUE	10365049	n/a	LTP454	NiclsCourierReadOnly	0	2	5	HOT_CHOCOLATE	n/a	cafe	-14.296875	-12.8984375
5063.6240234375	n/a	CUED_REC_STOP	10370302	n/a	LTP454	NiclsCourierReadOnly	0	2	5	n/a	n/a	n/a	n/a	n/a
5063.625	n/a	CUED_REC_WORD_VV	10370304	wordpools/all_items.txt	LTP454	NiclsCourierReadOnly	0	2	5	<>	-1	n/a	n/a	n/a
5065.64208984375	n/a	CUED_REC_CUE	10374435	n/a	LTP454	NiclsCourierReadOnly	0	2	5	SCARF	n/a	clothing_store	-3.099609375	-58.5
5069.2666015625	n/a	CUED_REC_WORD	10381858	wordpools/all_items.txt	LTP454	NiclsCourierReadOnly	0	2	5	PANTS	-1	n/a	n/a	n/a
5069.70751953125	n/a	CUED_REC_STOP	10382761	n/a	LTP454	NiclsCourierReadOnly	0	2	5	n/a	n/a	n/a	n/a	n/a
5071.7412109375	n/a	CUED_REC_CUE	10386926	n/a	LTP454	NiclsCourierReadOnly	0	2	5	VIOLIN	n/a	music_store	14.5	-33.6875
5074.1650390625	n/a	CUED_REC_WORD	10391890	wordpools/all_items.txt	LTP454	NiclsCourierReadOnly	0	2	5	RECORDS	172	n/a	n/a	n/a
5074.8232421875	n/a	CUED_REC_STOP	10393238	n/a	LTP454	NiclsCourierReadOnly	0	2	5	n/a	n/a	n/a	n/a	n/a
5076.77392578125	n/a	CUED_REC_CUE	10397233	n/a	LTP454	NiclsCourierReadOnly	0	2	5	OREGANO	n/a	pizzeria	-9.1015625	17.90625
5078.6806640625	n/a	CUED_REC_WORD	10401138	wordpools/all_items.txt	LTP454	NiclsCourierReadOnly	0	2	5	BASIL	17	n/a	n/a	n/a
5079.0556640625	n/a	CUED_REC_STOP	10401906	n/a	LTP454	NiclsCourierReadOnly	0	2	5	n/a	n/a	n/a	n/a	n/a
5108.3203125	n/a	TRIAL_START	10461840	n/a	LTP454	NiclsCourierReadOnly	0	2	3	n/a	n/a	n/a	n/a	n/a
5112.669921875	n/a	WORD	10470748	wordpools/all_items.txt	LTP454	NiclsCourierReadOnly	0	2	6	PIZZA_BOX	n/a	pizzeria	-9.1015625	17.90625
5123.68603515625	n/a	WORD	10493309	wordpools/all_items.txt	LTP454	NiclsCourierReadOnly	0	2	6	PAINT	n/a	bike_shop	35.09375	26.703125
5135.65185546875	n/a	WORD	10517815	wordpools/all_items.txt	LTP454	NiclsCourierReadOnly	0	2	6	TRACING_PAPER	n/a	craft_shop	-29.59375	-37.1875
5146.96826171875	n/a	WORD	10540991	wordpools/all_items.txt	LTP454	NiclsCourierReadOnly	0	2	6	SAPPHIRE	n/a	jewelry_store	35.40625	-33.09375
5155.43310546875	n/a	WORD	10558327	wordpools/all_items.txt	LTP454	NiclsCourierReadOnly	0	2	6	DOLL	n/a	toy_store	14.6015625	-58.8125
5169.04931640625	n/a	POINTER_ON	10586213	n/a	LTP454	NiclsCourierReadOnly	0	2	6	n/a	n/a	n/a	n/a	n/a
5173.94873046875	n/a	WORD	10596247	wordpools/all_items.txt	LTP454	NiclsCourierReadOnly	0	2	6	DRILL	n/a	dentist	-31.796875	55.6875
5186.6806640625	n/a	WORD	10622322	wordpools/all_items.txt	LTP454	NiclsCourierReadOnly	0	2	6	GUITAR_STRINGS	n/a	music_store	14.5	-33.6875
5200.29638671875	n/a	POINTER_ON	10650207	n/a	LTP454	NiclsCourierReadOnly	0	2	6	n/a	n/a	n/a	n/a	n/a
5208.56201171875	n/a	WORD	10667135	wordpools/all_items.txt	LTP454	NiclsCourierReadOnly	0	2	6	PUNCHING_BAG	n/a	gym	-60.0	-11.5
5222.560546875	n/a	WORD	10695804	wordpools/all_items.txt	LTP454	NiclsCourierReadOnly	0	2	6	FISH_BOWL	n/a	pet_store	26.5	17.0
5234.4267578125	n/a	WORD	10720106	wordpools/all_items.txt	LTP454	NiclsCourierReadOnly	0	2	6	SCISSORS	n/a	barber_shop	-39.0	-61.90625
5248.04248046875	n/a	POINTER_ON	10747991	n/a	LTP454	NiclsCourierReadOnly	0	2	6	n/a	n/a	n/a	n/a	n/a
5252.42626953125	n/a	WORD	10756969	wordpools/all_items.txt	LTP454	NiclsCourierReadOnly	0	2	6	PLIERS	n/a	hardware_store	59.3125	-9.203125
5263.22509765625	n/a	WORD	10779085	wordpools/all_items.txt	LTP454	NiclsCourierReadOnly	0	2	6	SWEET-N-LOW	n/a	cafe	-14.296875	-12.8984375
5276.84033203125	n/a	POINTER_ON	10806969	n/a	LTP454	NiclsCourierReadOnly	0	2	6	n/a	n/a	n/a	n/a	n/a
5279.60595703125	n/a	WORD	10812633	wordpools/all_items.txt	LTP454	NiclsCourierReadOnly	0	2	6	HANGERS	n/a	clothing_store	-3.099609375	-58.5
5291.7890625	n/a	WORD	10837584	wordpools/all_items.txt	LTP454	NiclsCourierReadOnly	0	2	6	FERNS	n/a	florist	36.6875	59.09375
5305.40478515625	n/a	POINTER_ON	10865469	n/a	LTP454	NiclsCourierReadOnly	0	2	6	n/a	n/a	n/a	n/a	n/a
5311.93701171875	n/a	WORD	10878847	wordpools/all_items.txt	LTP454	NiclsCourierReadOnly	0	2	6	CROISSANT	n/a	bakery	62.3125	-33.5
5335.08544921875	n/a	TRIAL_END	10926255	n/a	LTP454	NiclsCourierReadOnly	0	2	6	n/a	n/a	n/a	n/a	n/a
5346.1171875	n/a	REC_START	10948848	n/a	LTP454	NiclsCourierReadOnly	0	2	6	n/a	n/a	n/a	n/a	n/a
5349.962890625	n/a	REC_WORD	10956724	wordpools/all_items.txt	LTP454	NiclsCourierReadOnly	0	2	6	DOG LEASH	-1	n/a	n/a	n/a
5375.5400390625	n/a	REC_WORD	11009106	wordpools/all_items.txt	LTP454	NiclsCourierReadOnly	0	2	6	ORANGE_JUICE	147	grocery_store	32.1875	-60.90625
5378.28759765625	n/a	REC_WORD	11014733	wordpools/all_items.txt	LTP454	NiclsCourierReadOnly	0	2	6	LEVEL	121	hardware_store	59.3125	-9.203125
5383.50634765625	n/a	REC_WORD	11025421	wordpools/all_items.txt	LTP454	NiclsCourierReadOnly	0	2	6	SAXOPHONE	183	music_store	14.5	-33.6875
5385.873046875	n/a	REC_WORD_VV	11030268	wordpools/all_items.txt	LTP454	NiclsCourierReadOnly	0	2	6	<>	-1	n/a	n/a	n/a
5386.22998046875	n/a	REC_WORD	11030999	wordpools/all_items.txt	LTP454	NiclsCourierReadOnly	0	2	6	GUITAR_STRINGS	98	music_store	14.5	-33.6875
5391.57666015625	n/a	REC_WORD	11041949	wordpools/all_items.txt	LTP454	NiclsCourierReadOnly	0	2	6	SCISSORS	186	barber_shop	-39.0	-61.90625
5395.3203125	n/a	REC_WORD	11049616	wordpools/all_items.txt	LTP454	NiclsCourierReadOnly	0	2	6	MILK	132	n/a	n/a	n/a
5399.3818359375	n/a	REC_WORD	11057934	wordpools/all_items.txt	LTP454	NiclsCourierReadOnly	0	2	6	FLOWER	-1	n/a	n/a	n/a
5409.08984375	n/a	REC_WORD	11077816	wordpools/all_items.txt	LTP454	NiclsCourierReadOnly	0	2	6	DOLL	69	toy_store	14.6015625	-58.8125
5436.126953125	n/a	REC_STOP	11133188	n/a	LTP454	NiclsCourierReadOnly	0	2	6	n/a	n/a	n/a	n/a	n/a
5444.31005859375	n/a	CUED_REC_CUE	11149947	n/a	LTP454	NiclsCourierReadOnly	0	2	6	PIZZA_BOX	n/a	pizzeria	-9.1015625	17.90625
5446.884765625	n/a	CUED_REC_WORD	11155220	wordpools/all_items.txt	LTP454	NiclsCourierReadOnly	0	2	6	FLOWER	-1	n/a	n/a	n/a
5447.69189453125	n/a	CUED_REC_STOP	11156873	n/a	LTP454	NiclsCourierReadOnly	0	2	6	n/a	n/a	n/a	n/a	n/a
5449.67578125	n/a	CUED_REC_CUE	11160936	n/a	LTP454	NiclsCourierReadOnly	0	2	6	GUITAR_STRINGS	n/a	music_store	14.5	-33.6875
5451.517578125	n/a	CUED_REC_WORD	11164708	wordpools/all_items.txt	LTP454	NiclsCourierReadOnly	0	2	6	GUITAR_STRINGS	98	n/a	n/a	n/a
5452.17431640625	n/a	CUED_REC_STOP	11166053	n/a	LTP454	NiclsCourierReadOnly	0	2	6	n/a	n/a	n/a	n/a	n/a
5454.42626953125	n/a	CUED_REC_CUE	11170665	n/a	LTP454	NiclsCourierReadOnly	0	2	6	HANGERS	n/a	clothing_store	-3.099609375	-58.5
5459.7197265625	n/a	CUED_REC_WORD	11181506	wordpools/all_items.txt	LTP454	NiclsCourierReadOnly	0	2	6	SLEDGE	-1	n/a	n/a	n/a
5460.4248046875	n/a	CUED_REC_STOP	11182950	n/a	LTP454	NiclsCourierReadOnly	0	2	6	n/a	n/a	n/a	n/a	n/a
5462.62548828125	n/a	CUED_REC_CUE	11187457	n/a	LTP454	NiclsCourierReadOnly	0	2	6	PUNCHING_BAG	n/a	gym	-60.0	-11.5
5465.75927734375	n/a	CUED_REC_WORD	11193875	wordpools/all_items.txt	LTP454	NiclsCourierReadOnly	0	2	6	PROTEIN_SHAKES	164	n/a	n/a	n/a
5466.64013671875	n/a	CUED_REC_STOP	11195679	n/a	LTP454	NiclsCourierReadOnly	0	2	6	n/a	n/a	n/a	n/a	n/a
5468.42431640625	n/a	CUED_REC_CUE	11199333	n/a	LTP454	NiclsCourierReadOnly	0	2	6	FISH_BOWL	n/a	pet_store	26.5	17.0
5473.0078125	n/a	CUED_REC_WORD	11208720	wordpools/all_items.txt	LTP454	NiclsCourierReadOnly	0	2	6	FISH_BOWL	84	n/a	n/a	n/a
5473.65771484375	n/a	CUED_REC_STOP	11210051	n/a	LTP454	NiclsCourierReadOnly	0	2	6	n/a	n/a	n/a	n/a	n/a
5475.740234375	n/a	CUED_REC_CUE	11214316	n/a	LTP454	NiclsCourierReadOnly	0	2	6	DRILL	n/a	dentist	-31.796875	55.6875
5479.6220703125	n/a	CUED_REC_WORD_VV	11222266	wordpools/all_items.txt	LTP454	NiclsCourierReadOnly	0	2	6	<>	-1	n/a	n/a	n/a
5479.6220703125	n/a	CUED_REC_STOP	11222266	n/a	LTP454	NiclsCourierReadOnly	0	2	6	n/a	n/a	n/a	n/a	n/a
5481.4228515625	n/a	CUED_REC_CUE	11225954	n/a	LTP454	NiclsCourierReadOnly	0	2	6	SAPPHIRE	n/a	jewelry_store	35.40625	-33.09375
5483.94384765625	n/a	CUED_REC_WORD	11231117	wordpools/all_items.txt	LTP454	NiclsCourierReadOnly	0	2	6	SAPPHIRE	182	n/a	n/a	n/a
5484.57275390625	n/a	CUED_REC_STOP	11232405	n/a	LTP454	NiclsCourierReadOnly	0	2	6	n/a	n/a	n/a	n/a	n/a
5486.37353515625	n/a	CUED_REC_CUE	11236093	n/a	LTP454	NiclsCourierReadOnly	0	2	6	SCISSORS	n/a	barber_shop	-39.0	-61.90625
5487.53369140625	n/a	CUED_REC_WORD	11238469	wordpools/all_items.txt	LTP454	NiclsCourierReadOnly	0	2	6	SCISSORS	186	n/a	n/a	n/a
5488.62255859375	n/a	CUED_REC_STOP	11240699	n/a	LTP454	NiclsCourierReadOnly	0	2	6	n/a	n/a	n/a	n/a	n/a
5490.4560546875	n/a	CUED_REC_CUE	11244454	n/a	LTP454	NiclsCourierReadOnly	0	2	6	FERNS	n/a	florist	36.6875	59.09375
5495.2646484375	n/a	CUED_REC_WORD	11254302	wordpools/all_items.txt	LTP454	NiclsCourierReadOnly	0	2	6	BILLIE SANDERS	-1	n/a	n/a	n/a
5496.388671875	n/a	CUED_REC_STOP	11256604	n/a	LTP454	NiclsCourierReadOnly	0	2	6	n/a	n/a	n/a	n/a	n/a
5498.2724609375	n/a	CUED_REC_CUE	11260462	n/a	LTP454	NiclsCourierReadOnly	0	2	6	PAINT	n/a	bike_shop	35.09375	26.703125
5502.27734375	n/a	CUED_REC_WORD	11268664	wordpools/all_items.txt	LTP454	NiclsCourierReadOnly	0	2	6	HELMET	111	n/a	n/a	n/a
5502.75439453125	n/a	CUED_REC_STOP	11269641	n/a	LTP454	NiclsCourierReadOnly	0	2	6	n/a	n/a	n/a	n/a	n/a
5504.921875	n/a	CUED_REC_CUE	11274080	n/a	LTP454	NiclsCourierReadOnly	0	2	6	SWEET-N-LOW	n/a	cafe	-14.296875	-12.8984375
5506.65576171875	n/a	CUED_REC_WORD	11277631	wordpools/all_items.txt	LTP454	NiclsCourierReadOnly	0	2	6	MILK	132	n/a	n/a	n/a
5507.15380859375	n/a	CUED_REC_STOP	11278651	n/a	LTP454	NiclsCourierReadOnly	0	2	6	n/a	n/a	n/a	n/a	n/a
5509.35546875	n/a	CUED_REC_CUE	11283160	n/a	LTP454	NiclsCourierReadOnly	0	2	6	CROISSANT	n/a	bakery	62.3125	-33.5
5511.86962890625	n/a	CUED_REC_STOP	11288309	n/a	LTP454	NiclsCourierReadOnly	0	2	6	n/a	n/a	n/a	n/a	n/a
5511.87060546875	n/a	CUED_REC_WORD_VV	11288311	wordpools/all_items.txt	LTP454	NiclsCourierReadOnly	0	2	6	<>	-1	n/a	n/a	n/a
5513.705078125	n/a	CUED_REC_CUE	11292068	n/a	LTP454	NiclsCourierReadOnly	0	2	6	TRACING_PAPER	n/a	craft_shop	-29.59375	-37.1875
5518.48779296875	n/a	CUED_REC_WORD	11301863	wordpools/all_items.txt	LTP454	NiclsCourierReadOnly	0	2	6	PENS	-1	n/a	n/a	n/a
5519.302734375	n/a	CUED_REC_STOP	11303532	n/a	LTP454	NiclsCourierReadOnly	0	2	6	n/a	n/a	n/a	n/a	n/a
5521.12060546875	n/a	CUED_REC_CUE	11307255	n/a	LTP454	NiclsCourierReadOnly	0	2	6	DOLL	n/a	toy_store	14.6015625	-58.8125
5523.9921875	n/a	CUED_REC_WORD	11313136	wordpools/all_items.txt	LTP454	NiclsCourierReadOnly	0	2	6	STUFFED_ANIMAL	204	n/a	n/a	n/a
5524.9521484375	n/a	CUED_REC_STOP	11315102	n/a	LTP454	NiclsCourierReadOnly	0	2	6	n/a	n/a	n/a	n/a	n/a
5527.05322265625	n/a	CUED_REC_CUE	11319405	n/a	LTP454	NiclsCourierReadOnly	0	2	6	PLIERS	n/a	hardware_store	59.3125	-9.203125
5530.0517578125	n/a	CUED_REC_WORD_VV	11325546	wordpools/all_items.txt	LTP454	NiclsCourierReadOnly	0	2	6	<>	-1	n/a	n/a	n/a
5530.0517578125	n/a	CUED_REC_STOP	11325546	n/a	LTP454	NiclsCourierReadOnly	0	2	6	n/a	n/a	n/a	n/a	n/a
5539.7001953125	n/a	TRIAL_START	11345306	n/a	LTP454	NiclsCourierReadOnly	0	2	4	n/a	n/a	n/a	n/a	n/a
5551.71728515625	n/a	POINTER_ON	11369917	n/a	LTP454	NiclsCourierReadOnly	0	2	4	n/a	n/a	n/a	n/a	n/a
5574.88134765625	n/a	WORD	11417357	wordpools/all_items.txt	LTP454	NiclsCourierReadOnly	0	2	7	BELL	n/a	bike_shop	35.09375	26.703125
5584.9970703125	n/a	WORD	11438074	wordpools/all_items.txt	LTP454	NiclsCourierReadOnly	0	2	7	COMPUTER	n/a	dentist	-31.796875	55.6875
5598.61328125	n/a	POINTER_ON	11465960	n/a	LTP454	NiclsCourierReadOnly	0	2	7	n/a	n/a	n/a	n/a	n/a
5606.66259765625	n/a	WORD	11482445	wordpools/all_items.txt	LTP454	NiclsCourierReadOnly	0	2	7	DOUGHNUT	n/a	bakery	62.3125	-33.5
5620.29443359375	n/a	POINTER_ON	11510363	n/a	LTP454	NiclsCourierReadOnly	0	2	7	n/a	n/a	n/a	n/a	n/a
5621.494140625	n/a	WORD	11512820	wordpools/all_items.txt	LTP454	NiclsCourierReadOnly	0	2	7	BOXING_GLOVES	n/a	gym	-60.0	-11.5
5631.8935546875	n/a	WORD	11534118	wordpools/all_items.txt	LTP454	NiclsCourierReadOnly	0	2	7	BOARD_GAME	n/a	toy_store	14.6015625	-58.8125
5640.32568359375	n/a	WORD	11551387	wordpools/all_items.txt	LTP454	NiclsCourierReadOnly	0	2	7	COMB	n/a	barber_shop	-39.0	-61.90625
5653.84130859375	n/a	WORD	11579067	wordpools/all_items.txt	LTP454	NiclsCourierReadOnly	0	2	7	PENDANT	n/a	jewelry_store	35.40625	-33.09375
5667.474609375	n/a	POINTER_ON	11606988	n/a	LTP454	NiclsCourierReadOnly	0	2	7	n/a	n/a	n/a	n/a	n/a
5678.47265625	n/a	WORD	11629512	wordpools/all_items.txt	LTP454	NiclsCourierReadOnly	0	2	7	BOTTLED_WATER	n/a	grocery_store	32.1875	-60.90625
5692.17138671875	n/a	WORD	11657567	wordpools/all_items.txt	LTP454	NiclsCourierReadOnly	0	2	7	ROSES	n/a	florist	36.6875	59.09375
5705.80419921875	n/a	POINTER_ON	11685487	n/a	LTP454	NiclsCourierReadOnly	0	2	7	n/a	n/a	n/a	n/a	n/a
5715.25341796875	n/a	WORD	11704839	wordpools/all_items.txt	LTP454	NiclsCourierReadOnly	0	2	7	LOTION	n/a	pharmacy	58.3125	27.90625
5728.88525390625	n/a	POINTER_ON	11732757	n/a	LTP454	NiclsCourierReadOnly	0	2	7	n/a	n/a	n/a	n/a	n/a
5739.16748046875	n/a	WORD	11753815	wordpools/all_items.txt	LTP454	NiclsCourierReadOnly	0	2	7	SANDPAPER	n/a	hardware_store	59.3125	-9.203125
5752.783203125	n/a	POINTER_ON	11781700	n/a	LTP454	NiclsCourierReadOnly	0	2	7	n/a	n/a	n/a	n/a	n/a
5773.53125	n/a	WORD	11824192	wordpools/all_items.txt	LTP454	NiclsCourierReadOnly	0	2	7	FLUTE	n/a	music_store	14.5	-33.6875
5779.86376953125	n/a	WORD	11837161	wordpools/all_items.txt	LTP454	NiclsCourierReadOnly	0	2	7	PARROT	n/a	pet_store	26.5	17.0
5793.763671875	n/a	WORD	11865628	wordpools/all_items.txt	LTP454	NiclsCourierReadOnly	0	2	7	SPATULA	n/a	pizzeria	-9.1015625	17.90625
5807.3955078125	n/a	POINTER_ON	11893546	n/a	LTP454	NiclsCourierReadOnly	0	2	7	n/a	n/a	n/a	n/a	n/a
5822.39453125	n/a	WORD	11924264	wordpools/all_items.txt	LTP454	NiclsCourierReadOnly	0	2	7	GLUE	n/a	craft_shop	-29.59375	-37.1875
5828.759765625	n/a	TRIAL_END	11937300	n/a	LTP454	NiclsCourierReadOnly	0	2	7	n/a	n/a	n/a	n/a	n/a
5839.77685546875	n/a	REC_START	11959863	n/a	LTP454	NiclsCourierReadOnly	0	2	7	n/a	n/a	n/a	n/a	n/a
5844.6123046875	n/a	REC_WORD	11969766	wordpools/all_items.txt	LTP454	NiclsCourierReadOnly	0	2	7	GLUE	93	craft_shop	-29.59375	-37.1875
5850.9912109375	n/a	REC_WORD	11982830	wordpools/all_items.txt	LTP454	NiclsCourierReadOnly	0	2	7	CDS	40	n/a	n/a	n/a
5855.818359375	n/a	REC_WORD	11992716	wordpools/all_items.txt	LTP454	NiclsCourierReadOnly	0	2	7	WATER BOTTLES	-1	n/a	n/a	n/a
5866.87060546875	n/a	REC_WORD	12015351	wordpools/all_items.txt	LTP454	NiclsCourierReadOnly	0	2	7	SOCKS	196	clothing_store	-3.099609375	-58.5
5883.71533203125	n/a	REC_WORD	12049849	wordpools/all_items.txt	LTP454	NiclsCourierReadOnly	0	2	7	TENNIS BALL	-1	n/a	n/a	n/a
5929.7841796875	n/a	REC_STOP	12144198	n/a	LTP454	NiclsCourierReadOnly	0	2	7	n/a	n/a	n/a	n/a	n/a
5938.185546875	n/a	CUED_REC_CUE	12161404	n/a	LTP454	NiclsCourierReadOnly	0	2	7	BOARD_GAME	n/a	toy_store	14.6015625	-58.8125
5941.271484375	n/a	CUED_REC_WORD	12167724	wordpools/all_items.txt	LTP454	NiclsCourierReadOnly	0	2	7	TENNIS BALL	-1	n/a	n/a	n/a
5942.5341796875	n/a	CUED_REC_STOP	12170310	n/a	LTP454	NiclsCourierReadOnly	0	2	7	n/a	n/a	n/a	n/a	n/a
5944.6513671875	n/a	CUED_REC_CUE	12174646	n/a	LTP454	NiclsCourierReadOnly	0	2	7	PENDANT	n/a	jewelry_store	35.40625	-33.09375
5948.67578125	n/a	CUED_REC_WORD	12182888	wordpools/all_items.txt	LTP454	NiclsCourierReadOnly	0	2	7	SAPPHIRE	182	n/a	n/a	n/a
5949.349609375	n/a	CUED_REC_STOP	12184268	n/a	LTP454	NiclsCourierReadOnly	0	2	7	n/a	n/a	n/a	n/a	n/a
5951.2685546875	n/a	CUED_REC_CUE	12188198	n/a	LTP454	NiclsCourierReadOnly	0	2	7	DOUGHNUT	n/a	bakery	62.3125	-33.5
5954.50830078125	n/a	CUED_REC_WORD	12194833	wordpools/all_items.txt	LTP454	NiclsCourierReadOnly	0	2	7	BREAD	29	n/a	n/a	n/a
5955.01611328125	n/a	CUED_REC_STOP	12195873	n/a	LTP454	NiclsCourierReadOnly	0	2	7	n/a	n/a	n/a	n/a	n/a
5956.951171875	n/a	CUED_REC_CUE	12199836	n/a	LTP454	NiclsCourierReadOnly	0	2	7	SANDPAPER	n/a	hardware_store	59.3125	-9.203125
5958.6689453125	n/a	CUED_REC_WORD	12203354	wordpools/all_items.txt	LTP454	NiclsCourierReadOnly	0	2	7	NOTES	-1	n/a	n/a	n/a
5959.14990234375	n/a	CUED_REC_STOP	12204339	n/a	LTP454	NiclsCourierReadOnly	0	2	7	n/a	n/a	n/a	n/a	n/a
5961.16796875	n/a	CUED_REC_CUE	12208472	n/a	LTP454	NiclsCourierReadOnly	0	2	7	GLUE	n/a	craft_shop	-29.59375	-37.1875
5963.9765625	n/a	CUED_REC_WORD	12214224	wordpools/all_items.txt	LTP454	NiclsCourierReadOnly	0	2	7	CONSTRUCTION_PAPER	55	n/a	n/a	n/a
5964.8154296875	n/a	CUED_REC_STOP	12215942	n/a	LTP454	NiclsCourierReadOnly	0	2	7	n/a	n/a	n/a	n/a	n/a
5966.81640625	n/a	CUED_REC_CUE	12220040	n/a	LTP454	NiclsCourierReadOnly	0	2	7	COMPUTER	n/a	dentist	-31.796875	55.6875
5969.115234375	n/a	CUED_REC_WORD_VV	12224748	wordpools/all_items.txt	LTP454	NiclsCourierReadOnly	0	2	7	<>	-1	n/a	n/a	n/a
5969.115234375	n/a	CUED_REC_STOP	12224748	n/a	LTP454	NiclsCourierReadOnly	0	2	7	n/a	n/a	n/a	n/a	n/a
5971.06689453125	n/a	CUED_REC_CUE	12228745	n/a	LTP454	NiclsCourierReadOnly	0	2	7	LOTION	n/a	pharmacy	58.3125	27.90625
5974.08642578125	n/a	CUED_REC_WORD	12234929	wordpools/all_items.txt	LTP454	NiclsCourierReadOnly	0	2	7	BAND AID	-1	n/a	n/a	n/a
5974.814453125	n/a	CUED_REC_STOP	12236420	n/a	LTP454	NiclsCourierReadOnly	0	2	7	n/a	n/a	n/a	n/a	n/a
5976.58251953125	n/a	CUED_REC_CUE	12240041	n/a	LTP454	NiclsCourierReadOnly	0	2	7	FLUTE	n/a	music_store	14.5	-33.6875
5981.90087890625	n/a	CUED_REC_WORD	12250933	wordpools/all_items.txt	LTP454	NiclsCourierReadOnly	0	2	7	TAPE_MEASURE	214	n/a	n/a	n/a
5982.5810546875	n/a	CUED_REC_STOP	12252326	n/a	LTP454	NiclsCourierReadOnly	0	2	7	n/a	n/a	n/a	n/a	n/a
5984.58154296875	n/a	CUED_REC_CUE	12256423	n/a	LTP454	NiclsCourierReadOnly	0	2	7	BOTTLED_WATER	n/a	grocery_store	32.1875	-60.90625
5986.24462890625	n/a	CUED_REC_WORD	12259829	wordpools/all_items.txt	LTP454	NiclsCourierReadOnly	0	2	7	BANANNA	-1	n/a	n/a	n/a
5986.66357421875	n/a	CUED_REC_STOP	12260687	n/a	LTP454	NiclsCourierReadOnly	0	2	7	n/a	n/a	n/a	n/a	n/a
5988.58154296875	n/a	CUED_REC_CUE	12264615	n/a	LTP454	NiclsCourierReadOnly	0	2	7	ROSES	n/a	florist	36.6875	59.09375
5992.5810546875	n/a	CUED_REC_WORD	12272806	wordpools/all_items.txt	LTP454	NiclsCourierReadOnly	0	2	7	POTS	163	n/a	n/a	n/a
5993.1630859375	n/a	CUED_REC_STOP	12273998	n/a	LTP454	NiclsCourierReadOnly	0	2	7	n/a	n/a	n/a	n/a	n/a
5994.9306640625	n/a	CUED_REC_CUE	12277618	n/a	LTP454	NiclsCourierReadOnly	0	2	7	COMB	n/a	barber_shop	-39.0	-61.90625
6000.16259765625	n/a	CUED_REC_WORD_VV	12288333	wordpools/all_items.txt	LTP454	NiclsCourierReadOnly	0	2	7	<>	-1	n/a	n/a	n/a
6000.16259765625	n/a	CUED_REC_STOP	12288333	n/a	LTP454	NiclsCourierReadOnly	0	2	7	n/a	n/a	n/a	n/a	n/a
6002.09716796875	n/a	CUED_REC_CUE	12292295	n/a	LTP454	NiclsCourierReadOnly	0	2	7	PARROT	n/a	pet_store	26.5	17.0
6004.63720703125	n/a	CUED_REC_WORD	12297497	wordpools/all_items.txt	LTP454	NiclsCourierReadOnly	0	2	7	DOG LEASH	-1	n/a	n/a	n/a
6005.26220703125	n/a	CUED_REC_STOP	12298777	n/a	LTP454	NiclsCourierReadOnly	0	2	7	n/a	n/a	n/a	n/a	n/a
6007.4130859375	n/a	CUED_REC_CUE	12303182	n/a	LTP454	NiclsCourierReadOnly	0	2	7	SPATULA	n/a	pizzeria	-9.1015625	17.90625
6012.697265625	n/a	CUED_REC_WORD	12314004	wordpools/all_items.txt	LTP454	NiclsCourierReadOnly	0	2	7	DOUGH	70	n/a	n/a	n/a
6013.1943359375	n/a	CUED_REC_STOP	12315022	n/a	LTP454	NiclsCourierReadOnly	0	2	7	n/a	n/a	n/a	n/a	n/a
6015.39599609375	n/a	CUED_REC_CUE	12319531	n/a	LTP454	NiclsCourierReadOnly	0	2	7	BOXING_GLOVES	n/a	gym	-60.0	-11.5
6018.47216796875	n/a	CUED_REC_WORD	12325831	wordpools/all_items.txt	LTP454	NiclsCourierReadOnly	0	2	7	DUMBELLS	74	n/a	n/a	n/a
6018.9609375	n/a	CUED_REC_STOP	12326832	n/a	LTP454	NiclsCourierReadOnly	0	2	7	n/a	n/a	n/a	n/a	n/a
6021.11083984375	n/a	CUED_REC_CUE	12331235	n/a	LTP454	NiclsCourierReadOnly	0	2	7	BELL	n/a	bike_shop	35.09375	26.703125
6023.62255859375	n/a	CUED_REC_WORD	12336379	wordpools/all_items.txt	LTP454	NiclsCourierReadOnly	0	2	7	BELL	20	n/a	n/a	n/a
6024.109375	n/a	CUED_REC_STOP	12337376	n/a	LTP454	NiclsCourierReadOnly	0	2	7	n/a	n/a	n/a	n/a	n/a
6034.8896484375	n/a	FFR_START	12359454	n/a	LTP454	NiclsCourierReadOnly	0	2	7	n/a	n/a	n/a	n/a	n/a
6043.037109375	n/a	FFR_REC_WORD	12376140	wordpools/all_items.txt	LTP454	NiclsCourierReadOnly	0	2	n/a	SHI0RT	-1	n/a	n/a	n/a
6043.74462890625	n/a	FFR_REC_WORD_VV	12377589	wordpools/all_items.txt	LTP454	NiclsCourierReadOnly	0	2	n/a	<>	-1	n/a	n/a	n/a
6044.49755859375	n/a	FFR_REC_WORD	12379131	wordpools/all_items.txt	LTP454	NiclsCourierReadOnly	0	2	n/a	EMBROIDERY	78	craft_shop	-29.59375	-37.1875
6045.6357421875	n/a	FFR_REC_WORD	12381462	wordpools/all_items.txt	LTP454	NiclsCourierReadOnly	0	2	n/a	SAUCE	-1	n/a	n/a	n/a
6045.763671875	n/a	FFR_REC_WORD	12381724	wordpools/all_items.txt	LTP454	NiclsCourierReadOnly	0	2	n/a	BELL	20	bike_shop	35.09375	26.703125
6046.6396484375	n/a	FFR_REC_WORD	12383518	wordpools/all_items.txt	LTP454	NiclsCourierReadOnly	0	2	n/a	CHAIN	42	bike_shop	35.09375	26.703125
6046.99853515625	n/a	FFR_REC_WORD	12384253	wordpools/all_items.txt	LTP454	NiclsCourierReadOnly	0	2	n/a	BASIL	17	pizzeria	-9.1015625	17.90625
6048.1943359375	n/a	FFR_REC_WORD	12386702	wordpools/all_items.txt	LTP454	NiclsCourierReadOnly	0	2	n/a	HELMET	111	n/a	n/a	n/a
6048.3232421875	n/a	FFR_REC_WORD	12386966	wordpools/all_items.txt	LTP454	NiclsCourierReadOnly	0	2	n/a	X-RAY_MACHINE	235	dentist	-31.796875	55.6875
6049.8212890625	n/a	FFR_REC_WORD	12390034	wordpools/all_items.txt	LTP454	NiclsCourierReadOnly	0	2	n/a	TIRES	217	n/a	n/a	n/a
6055.9736328125	n/a	FFR_REC_WORD	12402634	wordpools/all_items.txt	LTP454	NiclsCourierReadOnly	0	2	n/a	BAND AIDS	-1	n/a	n/a	n/a
6059.67529296875	n/a	FFR_REC_WORD	12410215	wordpools/all_items.txt	LTP454	NiclsCourierReadOnly	0	2	n/a	MOUTHWASH	134	n/a	n/a	n/a
6060.59521484375	n/a	FFR_REC_WORD	12412099	wordpools/all_items.txt	LTP454	NiclsCourierReadOnly	0	2	n/a	TOOTHPASTE	221	n/a	n/a	n/a
6061.18115234375	n/a	FFR_REC_WORD	12413299	wordpools/all_items.txt	LTP454	NiclsCourierReadOnly	0	2	n/a	CHAIN	42	bike_shop	35.09375	26.703125
6061.55908203125	n/a	FFR_REC_WORD	12414073	wordpools/all_items.txt	LTP454	NiclsCourierReadOnly	0	2	n/a	DENTIST'S_CHAIR	67	dentist	-31.796875	55.6875
6062.64404296875	n/a	FFR_REC_WORD	12416295	wordpools/all_items.txt	LTP454	NiclsCourierReadOnly	0	2	n/a	CONDITIONER	54	barber_shop	-39.0	-61.90625
6064.3369140625	n/a	FFR_REC_WORD_VV	12419762	wordpools/all_items.txt	LTP454	NiclsCourierReadOnly	0	2	n/a	<>	-1	n/a	n/a	n/a
6065.47021484375	n/a	FFR_REC_WORD	12422083	wordpools/all_items.txt	LTP454	NiclsCourierReadOnly	0	2	n/a	BUNNY	32	pet_store	26.5	17.0
6066.0009765625	n/a	FFR_REC_WORD	12423170	wordpools/all_items.txt	LTP454	NiclsCourierReadOnly	0	2	n/a	POTS	163	florist	36.6875	59.09375
6066.5	n/a	FFR_REC_WORD	12424192	wordpools/all_items.txt	LTP454	NiclsCourierReadOnly	0	2	n/a	FISH_BOWL	84	pet_store	26.5	17.0
6066.81689453125	n/a	FFR_REC_WORD	12424841	wordpools/all_items.txt	LTP454	NiclsCourierReadOnly	0	2	n/a	ORCHIDS	148	florist	36.6875	59.09375
6067.85986328125	n/a	FFR_REC_WORD	12426977	wordpools/all_items.txt	LTP454	NiclsCourierReadOnly	0	2	n/a	DAFFODILS	64	florist	36.6875	59.09375
6068.1689453125	n/a	FFR_REC_WORD	12427610	wordpools/all_items.txt	LTP454	NiclsCourierReadOnly	0	2	n/a	DOG LEASH	-1	n/a	n/a	n/a
6069.65478515625	n/a	FFR_REC_WORD	12430653	wordpools/all_items.txt	LTP454	NiclsCourierReadOnly	0	2	n/a	DOG FOOD	-1	n/a	n/a	n/a
6072.2763671875	n/a	FFR_REC_WORD_VV	12436022	wordpools/all_items.txt	LTP454	NiclsCourierReadOnly	0	2	n/a	<>	-1	n/a	n/a	n/a
6073.07958984375	n/a	FFR_REC_WORD	12437667	wordpools/all_items.txt	LTP454	NiclsCourierReadOnly	0	2	n/a	ORANGE_JUICE	147	grocery_store	32.1875	-60.90625
6073.60107421875	n/a	FFR_REC_WORD	12438735	wordpools/all_items.txt	LTP454	NiclsCourierReadOnly	0	2	n/a	CANOLLI	36	bakery	62.3125	-33.5
6076.71923828125	n/a	FFR_REC_WORD	12445121	wordpools/all_items.txt	LTP454	NiclsCourierReadOnly	0	2	n/a	BREAD	29	n/a	n/a	n/a
6077.31494140625	n/a	FFR_REC_WORD	12446341	wordpools/all_items.txt	LTP454	NiclsCourierReadOnly	0	2	n/a	DOUGHNUT	71	bakery	62.3125	-33.5
6079.349609375	n/a	FFR_REC_WORD	12450508	wordpools/all_items.txt	LTP454	NiclsCourierReadOnly	0	2	n/a	MILK	132	n/a	n/a	n/a
6079.8076171875	n/a	FFR_REC_WORD	12451446	wordpools/all_items.txt	LTP454	NiclsCourierReadOnly	0	2	n/a	DRUM_SET	73	music_store	14.5	-33.6875
6080.462890625	n/a	FFR_REC_WORD	12452788	wordpools/all_items.txt	LTP454	NiclsCourierReadOnly	0	2	n/a	COFFEE	49	cafe	-14.296875	-12.8984375
6080.91259765625	n/a	FFR_REC_WORD	12453709	wordpools/all_items.txt	LTP454	NiclsCourierReadOnly	0	2	n/a	RECORDS	172	music_store	14.5	-33.6875
6081.91162109375	n/a	FFR_REC_WORD	12455755	wordpools/all_items.txt	LTP454	NiclsCourierReadOnly	0	2	n/a	PIZZA	-1	n/a	n/a	n/a
6082.91357421875	n/a	FFR_REC_WORD	12457807	wordpools/all_items.txt	LTP454	NiclsCourierReadOnly	0	2	n/a	SAUCE	-1	n/a	n/a	n/a
6084.28125	n/a	FFR_REC_WORD	12460608	wordpools/all_items.txt	LTP454	NiclsCourierReadOnly	0	2	n/a	BASIL	17	pizzeria	-9.1015625	17.90625
6087.21630859375	n/a	FFR_REC_WORD	12466619	wordpools/all_items.txt	LTP454	NiclsCourierReadOnly	0	2	n/a	PROTEIN_SHAKES	164	gym	-60.0	-11.5
6088.5859375	n/a	FFR_REC_WORD	12469424	wordpools/all_items.txt	LTP454	NiclsCourierReadOnly	0	2	n/a	WEIGHT	-1	n/a	n/a	n/a
6090.34765625	n/a	FFR_REC_WORD	12473032	wordpools/all_items.txt	LTP454	NiclsCourierReadOnly	0	2	n/a	HOT_CHOCOLATE	112	cafe	-14.296875	-12.8984375
6091.9599609375	n/a	FFR_REC_WORD_VV	12476334	wordpools/all_items.txt	LTP454	NiclsCourierReadOnly	0	2	n/a	<>	-1	n/a	n/a	n/a
6092.57470703125	n/a	FFR_REC_WORD	12477593	wordpools/all_items.txt	LTP454	NiclsCourierReadOnly	0	2	n/a	SCREWS	189	hardware_store	59.3125	-9.203125
6093.47265625	n/a	FFR_REC_WORD	12479432	wordpools/all_items.txt	LTP454	NiclsCourierReadOnly	0	2	n/a	DUMBELLS	74	gym	-60.0	-11.5
6094.8173828125	n/a	FFR_REC_WORD	12482186	wordpools/all_items.txt	LTP454	NiclsCourierReadOnly	0	2	n/a	WEIGHT	-1	n/a	n/a	n/a
6096.607421875	n/a	FFR_REC_WORD	12485852	wordpools/all_items.txt	LTP454	NiclsCourierReadOnly	0	2	n/a	PROTEIN_SHAKES	164	gym	-60.0	-11.5
6101.3759765625	n/a	FFR_REC_WORD	12495618	wordpools/all_items.txt	LTP454	NiclsCourierReadOnly	0	2	n/a	EARRINGS	76	jewelry_store	35.40625	-33.09375
6102.177734375	n/a	FFR_REC_WORD	12497260	wordpools/all_items.txt	LTP454	NiclsCourierReadOnly	0	2	n/a	SQUASH	-1	n/a	n/a	n/a
6103.66455078125	n/a	FFR_REC_WORD	12500305	wordpools/all_items.txt	LTP454	NiclsCourierReadOnly	0	2	n/a	CONSTRUCTION_PAPER	55	craft_shop	-29.59375	-37.1875
6104.8857421875	n/a	FFR_REC_WORD	12502806	wordpools/all_items.txt	LTP454	NiclsCourierReadOnly	0	2	n/a	NUTS	-1	n/a	n/a	n/a
6105.2275390625	n/a	FFR_REC_WORD	12503506	wordpools/all_items.txt	LTP454	NiclsCourierReadOnly	0	2	n/a	BOLTS	25	hardware_store	59.3125	-9.203125
6105.27783203125	n/a	FFR_REC_WORD	12503609	wordpools/all_items.txt	LTP454	NiclsCourierReadOnly	0	2	n/a	PLATINUM	161	n/a	n/a	n/a
6105.91943359375	n/a	FFR_REC_WORD	12504923	wordpools/all_items.txt	LTP454	NiclsCourierReadOnly	0	2	n/a	NAILGUN	138	hardware_store	59.3125	-9.203125
6108.55615234375	n/a	FFR_REC_WORD	12510323	wordpools/all_items.txt	LTP454	NiclsCourierReadOnly	0	2	n/a	ORCHIDS	148	florist	36.6875	59.09375
6116.21875	n/a	FFR_REC_WORD	12526016	wordpools/all_items.txt	LTP454	NiclsCourierReadOnly	0	2	n/a	POTS	163	florist	36.6875	59.09375
6118.87060546875	n/a	FFR_REC_WORD	12531447	wordpools/all_items.txt	LTP454	NiclsCourierReadOnly	0	2	n/a	EARRINGS	76	jewelry_store	35.40625	-33.09375
6119.67236328125	n/a	FFR_REC_WORD	12533089	wordpools/all_items.txt	LTP454	NiclsCourierReadOnly	0	2	n/a	WATCH	231	jewelry_store	35.40625	-33.09375
6120.39013671875	n/a	FFR_REC_WORD	12534559	wordpools/all_items.txt	LTP454	NiclsCourierReadOnly	0	2	n/a	SAPPHIRE	182	jewelry_store	35.40625	-33.09375
6121.20947265625	n/a	FFR_REC_WORD	12536237	wordpools/all_items.txt	LTP454	NiclsCourierReadOnly	0	2	n/a	PLATINUM	161	n/a	n/a	n/a
6136.91015625	n/a	FFR_REC_WORD	12568392	wordpools/all_items.txt	LTP454	NiclsCourierReadOnly	0	2	n/a	CUCUMBER	-1	n/a	n/a	n/a
6141.83544921875	n/a	FFR_REC_WORD	12578479	wordpools/all_items.txt	LTP454	NiclsCourierReadOnly	0	2	n/a	DRUM_SET	73	music_store	14.5	-33.6875
6142.61328125	n/a	FFR_REC_WORD	12580072	wordpools/all_items.txt	LTP454	NiclsCourierReadOnly	0	2	n/a	XYLOPHONE	236	music_store	14.5	-33.6875
6146.60400390625	n/a	FFR_REC_WORD	12588245	wordpools/all_items.txt	LTP454	NiclsCourierReadOnly	0	2	n/a	GUITAR_STRINGS	98	music_store	14.5	-33.6875
6154.86669921875	n/a	FFR_STOP	12605167	n/a	LTP454	NiclsCourierReadOnly	0	2	7	n/a	n/a	n/a	n/a	n/a
6155.67919921875	n/a	SESS_END	12606831	n/a	LTP454	NiclsCourierReadOnly	0	2	7	n/a	n/a	n/a	n/a	n/a
